temperature,rainfall,humidity,ph
20.87974371,202.9355362,82.00274423,6.502985292
21.77046169,226.6555374,80.31964408,7.038096361
23.00445915,263.9642476,82.3207629,7.840207144
26.49109635,242.8640342,80.15836264,6.980400905
20.13017482,262.7173405,81.60487287,7.628472891
23.05804872,251.0549998,83.37011772,7.073453503
22.70883798,271.3248604,82.63941394,5.70080568
20.27774362,241.9741949,82.89408619,5.718627178
24.51588066,230.4462359,83.5352163,6.685346424
23.22397386,221.2091958,83.03322691,6.336253525
26.52723513,264.6148697,81.41753846,5.386167788
23.97898217,250.0832336,81.45061596,7.50283396
26.80079604,284.4364567,80.88684822,5.108681786
24.01497622,185.2773389,82.05687182,6.98435366
25.66585205,209.5869708,80.66385045,6.94801983
24.28209415,231.0863347,80.30025587,7.042299069
21.58711777,276.6552459,82.7883708,6.249050656
23.79391957,206.2611855,80.41817957,6.970859754
21.8652524,224.5550169,80.1923008,5.953933276
23.57943626,291.2986618,83.58760316,5.85393208
21.32504158,185.4974732,80.47476396,6.442475375
25.15745531,231.3843163,83.11713476,5.070175667
21.94766735,213.3560921,80.97384195,6.012632591
21.0525355,233.1075816,82.67839517,6.254028451
23.48381344,224.0581164,81.33265073,7.375482851
25.0756354,257.0038865,80.52389148,7.778915154
26.35927159,271.3586137,84.04403589,6.286500176
24.52922681,260.2634026,80.54498576,7.070959995
20.77576147,240.0810647,84.49774397,6.244841491
22.30157427,197.9791215,80.64416466,6.043304899
21.44653958,272.2017204,84.94375962,5.824709117
22.17931888,200.0882787,80.33127223,6.357389366
24.52783742,224.6757231,82.73685569,6.364134968
20.26707606,270.4417274,81.63895217,5.01450727
25.7354293,233.1321372,83.88266234,6.149410611
26.79533926,193.3473987,82.1480873,5.950660556
26.75754171,272.2999056,81.17734011,5.960370061
23.86330467,285.2493645,83.15250801,5.561398642
21.01944696,298.4018471,82.95221726,7.416245107
24.17298839,257.0343554,83.7287574,5.583370042
22.78133816,248.7183228,82.06719137,6.430010215
25.62980105,209.9001977,83.52842314,5.534878156
25.59704938,200.834898,80.14509262,6.903985986
23.83067496,298.5601175,84.81360127,6.271478838
26.31355498,265.5355937,82.36698992,7.224285503
24.8972823,183.6793207,80.52586088,6.13428721
24.958779,196.9560008,84.47963372,5.206373153
23.24113501,233.0453455,84.59201843,7.782051313
21.66628296,210.8142087,80.70960551,7.062779015
24.63544858,253.7202781,80.41363018,7.730367824
23.43121862,219.9048349,83.06310136,5.286203711
20.0454142,208.5810155,80.3477562,6.766240045
23.85724032,195.0948311,82.22572988,7.382762603
21.97199397,227.3637009,81.89918197,5.658169482
26.22916897,286.5083725,83.83625819,5.543360238
23.44676801,283.9338466,84.79352417,6.215109715
25.65553461,217.3788583,83.47021081,7.120272972
24.44345477,267.9761948,82.45432595,5.950647577
20.2801937,191.9535738,82.1235421,7.236705436
21.7238313,277.9626192,80.2389895,6.501697816
20.41447029,245.1511304,82.20802629,7.592490617
25.75528612,245.6626799,83.51827127,5.875345751
20.61521424,279.5451717,83.77345559,6.932400225
21.84106875,202.3838319,80.72886384,6.946209881
20.08369642,263.6372176,83.29114712,5.739175027
24.45802087,182.5616319,82.74835604,6.738652179
21.14347496,198.6730942,80.33502926,5.594819626
25.78720567,243.5120414,82.11124033,6.946636369
23.64124821,263.1103304,80.28597873,5.012139669
23.43191632,269.5039162,80.56887849,6.363472208
24.97669518,204.8001847,83.891805,6.880431223
22.72791041,260.8875056,82.1706881,7.300410836
24.87300744,295.6094492,82.84022551,6.587918708
21.32376327,192.3197536,83.00320459,7.283736617
26.29465461,257.4914906,84.56919326,7.023936392
22.2286982,278.0791793,81.85872947,6.939083505
26.73072391,280.4044392,81.78596776,7.868474653
24.88921174,185.9461429,81.97927117,5.005306977
26.88444878,194.5766559,81.46033732,6.136131869
22.67846116,200.9133156,83.72874389,7.524080076
26.08867875,182.9043504,80.37979919,5.706943251
25.42977518,195.3574542,82.94682591,5.758506323
26.40323239,223.3671883,81.05635517,6.349606327
26.04371967,186.7536773,84.96907151,5.999969026
25.2827223,220.1156708,80.54372813,5.453592032
22.08576562,231.7364957,83.47038318,6.372576327
23.28617173,242.3170629,81.43321641,5.105588355
25.48591986,182.6549356,81.40633547,5.935344406
23.67575393,233.7034975,81.03569343,5.17782304
20.82477109,230.2242223,84.1341879,6.462391607
26.92995077,290.6793783,81.91411159,7.069172227
23.83509503,241.2013513,83.88387074,7.473134377
26.52872817,218.9163567,80.12267476,6.158376967
26.46428311,248.2256491,83.85642678,7.549873681
22.69657794,256.9964761,82.81088865,6.028321558
22.68319059,194.2651719,83.46358271,6.604993475
21.53346343,295.9248796,82.14004101,6.500343222
21.40865769,287.5766935,83.3293191,5.935745417
26.54348085,183.6222657,84.67353597,7.072655622
23.35905428,188.413665,83.59512273,5.333322606
22.61359953,87.75953857,63.69070564,5.749914421
26.10018422,102.2662445,71.57476937,6.931756558
23.55882094,66.71995467,71.59351368,6.657964753
19.97215954,60.65171481,57.68272924,6.596060648
18.47891261,65.43835393,62.69503871,5.970458434
21.77689322,102.0861694,57.80840636,6.158830619
25.6217169,105.4654703,66.50415474,6.047906679
25.19192419,78.06639649,66.6902901,5.913664501
20.41683147,65.27798457,62.5542482,5.855442401
24.92162194,109.2162279,66.78627406,5.750254943
23.31689124,94.29712821,73.4541537,5.852607099
24.84016732,74.05474936,68.3584573,6.472523287
22.27526694,63.87020584,58.84015925,6.967057762
18.87751445,94.76189431,65.76816093,6.082973754
25.19008683,72.12375573,60.2001687,5.919045532
18.25405352,63.72358154,55.28220433,6.204747653
24.6129118,104.1626147,70.4162444,6.600827017
25.1420613,76.68456006,65.26185135,6.021902237
23.09348056,65.49730729,60.1159381,6.033550195
18.05033737,84.23613484,62.89366992,6.28886807
24.9321581,79.74078719,73.80435276,6.550563823
18.14710054,88.07753741,71.09445342,5.573286437
18.28362235,80.97573281,66.65952796,6.829199275
18.83344471,79.7532896,58.75082029,5.716222912
25.71895816,74.51490791,67.22190688,5.54990242
25.33797709,96.46380213,68.49835977,6.586244581
23.89114571,102.8301942,57.48775781,5.893093135
21.53574127,102.4852929,71.50905983,5.918263801
23.08974909,70.43473609,63.10459626,5.588650585
25.61707368,108.8303762,63.4711755,6.576418207
21.44526922,65.88951188,63.1621551,6.178056304
18.51816776,90.988051,55.53128131,6.641906353
22.53510514,64.40866039,67.99257471,6.489040367
23.02038334,63.03843397,61.89472002,5.680361038
24.89364635,87.9298085,65.61418761,6.625404348
25.77175115,107.4931917,74.089114,6.524478032
19.39851734,60.95197486,62.35750641,5.696205468
21.54156232,109.7515385,59.64024162,6.803931519
23.79746068,91.76337172,74.82913698,6.252797548
18.9802729,94.26249353,74.52600826,6.092725883
24.10859207,71.07562236,73.13112261,6.234330356
24.7947077,76.72860067,70.04556743,5.722579819
21.63162756,69.21803098,60.27766379,6.430616465
25.37548751,101.7004306,57.21025565,5.983952675
22.21738222,106.6213157,72.85462807,6.80163854
20.58314011,66.29390357,69.00128641,6.499936446
24.87502824,91.26056654,68.74248334,6.265564338
20.03728219,109.024141,56.35606753,6.727303282
25.95263264,99.57981207,61.89082199,6.325235159
19.28889933,71.3195307,65.47050802,6.807487794
20.57981887,78.34604471,65.34583901,6.671085817
24.71417533,88.45361858,56.73426469,6.648725327
20.27317074,62.50351892,63.91281869,6.439071996
18.41932981,76.41312437,64.23580251,6.474476516
23.39128187,107.3198135,61.74427165,5.871647806
19.84939404,100.7689246,61.24500053,5.730617109
21.869274,107.2681929,61.91044947,5.850439831
22.8056033,101.5952794,56.50768935,5.791649933
19.0781471,80.72515943,69.02298571,6.740000688
22.02720976,83.73280082,65.35549924,6.272417541
23.80546189,89.9622014,59.24537979,5.715208817
18.52510753,88.10234397,69.0276233,5.773454729
23.50297882,64.77791424,61.32026065,5.584171461
26.54986394,73.33636055,72.89187265,5.787268394
19.29563411,83.21030571,69.63481219,5.77597783
20.68899915,103.651438,59.4375337,6.864793607
19.32666088,84.22969177,68.034493,6.192360003
24.60532218,96.59195302,73.58868502,6.636803223
22.27373646,67.96704792,59.52193158,5.826426917
25.70196694,83.20711308,61.33450447,6.960358276
19.20129357,87.85092352,68.30578978,6.11275104
21.70181447,95.71388473,60.47470519,6.708446922
20.51716779,67.61013737,59.21235483,5.561510732
23.30355338,97.59081274,73.62548442,5.873242491
24.2547451,64.23845455,55.64709899,6.995843776
24.86374934,75.82270467,65.7420046,5.714799723
22.6265115,88.17251033,65.77472881,6.78073637
18.04185513,104.2321615,60.61494304,5.513697923
23.26237612,67.10225139,72.33125523,5.798423908
22.88330922,67.72777298,71.59722446,6.352471866
25.97482359,103.2234212,69.36385721,6.822586546
26.14384005,107.2361366,66.20569924,6.655426355
18.66116213,75.03247667,61.55327249,6.121294041
25.10787449,78.16077693,55.97732754,5.790770203
23.33844615,105.0083144,59.24580604,6.47444292
25.08239719,62.49190812,65.92195844,6.455116637
25.36768364,107.9124111,72.52054555,6.606984086
25.34217103,74.52082026,63.31801994,6.330554389
25.00933355,62.91359494,67.816568,6.528631266
18.66746724,69.93293255,71.516474,5.721667141
20.37999665,108.5054416,63.73849998,6.644205485
18.09300227,78.96159541,72.61024172,6.376651091
26.16985907,79.84925393,71.96246617,6.247040422
18.65396672,93.62039175,61.37879671,6.656730008
26.07470121,85.75692395,59.37147589,6.2048017
18.92851916,82.34162918,72.80086137,6.158860284
23.30546753,108.7603001,63.24648023,6.385684214
18.74826712,70.23401597,62.49878458,6.417820493
19.74213321,65.50861389,59.66263104,6.381201909
25.73044432,98.73771338,70.74739256,6.877869005
17.02498456,88.55123143,16.98861173,7.485996067
19.02061277,79.92698081,17.13159126,6.920251378
17.88776475,68.54932919,15.40589717,5.996932037
18.86805647,88.51048983,15.65809214,6.391173589
18.36952567,79.26357665,19.56381041,7.152811172
20.45078582,92.68373702,15.40312102,5.988992796
20.6543203,74.6631118,16.60820843,6.231049028
17.3348681,82.61734721,18.74926979,7.550808267
18.17912258,81.84997529,18.90426935,7.010570541
18.01272266,81.98568791,18.30968112,8.753795334
20.99373558,93.55280105,19.33470387,8.718192847
19.46233971,74.58565097,15.22538951,7.976607593
19.81344531,78.96514709,14.69765308,6.515499549
18.97424756,80.7108745,19.5161216,8.490127142
18.19737048,70.18185181,14.71070537,6.576415562
18.72963144,71.58010169,19.18197264,6.481783043
20.99502153,73.50734019,19.8601304,7.966605025
20.28155898,82.52339655,16.39535215,8.140825437
17.48042641,66.96980581,15.7559405,7.228963452
20.88818675,90.46228334,14.32313811,6.492546046
17.08498521,71.31007253,16.14565756,7.528599957
20.09340593,85.74904898,15.11279612,7.701446446
17.57212145,89.31050665,14.99927489,8.519975748
19.12065218,85.52950164,18.43475844,6.620900869
18.57665902,72.94940441,19.22008229,8.104396058
17.16606398,72.32667516,14.42457525,6.204090835
18.2872007,74.87445574,16.67921616,6.051091339
19.03025305,94.70992037,18.66725565,7.690962338
17.1418614,83.74606679,17.0662427,7.829211144
17.47809436,78.92060234,17.93253975,6.761599706
20.56601874,83.75937135,14.25803981,6.654425315
17.22385224,76.57580954,15.82069268,6.129533877
19.69141713,91.76071648,19.44225438,8.829273328
17.84851658,76.32470713,19.09172907,8.621662982
18.8202251,89.73119396,16.1074793,8.204862075
17.47500984,93.35034262,16.54314829,6.18042747
18.72649425,81.20176515,17.58406365,7.978996755
18.65580107,81.70769297,16.17772668,7.863113671
18.2356751,83.74879344,19.68538502,6.967843048
18.81198127,77.5429424,15.21618225,6.206582193
18.65054116,77.92798682,17.80852431,8.868741443
20.36720401,82.2545577,16.89574311,8.766128654
18.38120357,70.52056697,16.63805158,8.736337905
17.17012591,72.78624223,17.30457712,8.081095263
19.37101121,85.24819851,15.77458129,6.138243973
17.92845928,85.37378769,14.27327988,7.496645259
19.45339934,75.6317566,18.23490739,8.380185271
19.12829388,89.61857826,14.92241479,6.289614016
19.1034283,75.49101167,17.26184541,6.586777189
17.48504075,86.05078037,16.96070581,6.89655198
19.40751744,80.25064637,18.98030507,7.806747656
20.18649426,78.26039559,19.63719995,7.150681303
17.30287885,75.57790384,15.15405941,6.64919573
17.50361137,72.9446671,15.48083156,7.778591618
18.17234999,90.7760707,14.70085967,6.358740355
17.57445618,77.81891424,16.71826572,8.255450758
20.93175255,78.06910795,18.91295403,6.456148474
19.71098332,85.57925437,17.63879418,6.613072145
19.07937684,69.40619137,17.86754927,8.165359297
18.54988627,76.32565249,16.02542689,7.64867466
18.19903647,80.6405403,17.41333199,6.545888558
18.88852533,80.1113384,14.99451145,7.104224797
18.49311205,91.94595352,14.72115044,7.358099622
19.48974337,87.51312796,17.17260319,6.4740245
17.25769499,94.00287214,18.74943955,7.840339389
19.62416326,88.4585692,18.71483156,7.064790365
20.67526473,84.78344008,19.85388984,7.599033472
20.02381489,68.97806542,16.63294455,6.715587232
20.1187446,88.68168643,14.44228303,6.81712422
20.65691793,65.23811143,15.84572566,7.985417393
19.2582557,65.78042032,14.2804191,7.545258424
17.927806,74.63872762,15.85622899,7.728998197
19.16288268,82.69766829,15.83500655,7.354973451
20.26942271,69.64449182,19.96978871,7.313122235
17.09104223,87.27444866,18.25142068,7.785039076
17.06579293,70.87150577,17.54024066,6.307004923
20.62767492,92.06630306,14.44008871,6.403982316
20.8248451,79.20509212,17.85057083,7.599279991
19.46210401,68.81405149,18.72831993,7.217018459
17.18248372,72.85017344,16.42891834,7.561108006
17.48911699,79.45758333,16.39055394,7.489545074
17.48395377,65.11365631,14.76014523,6.609696734
19.48316794,80.4986291,17.44534641,7.476800943
19.71359733,73.64476535,18.09665739,7.325451279
19.48649305,81.5284269,16.06240074,6.489389282
19.95264829,88.6810311,14.82633099,7.786366322
19.41789736,68.4951189,16.80472243,6.408437886
19.45591848,78.44910564,18.02235902,8.423873703
20.19137759,77.33795356,16.41998269,8.719960893
18.8392908,94.78189594,14.74071856,7.811997977
20.71219282,94.03659867,19.83643308,6.317153205
18.99424448,78.69707199,15.9362937,7.114405288
19.96837462,69.15759062,15.57324389,8.135900726
17.81564548,90.82097601,17.60756635,7.714153038
20.71424384,76.77888672,15.27824066,7.103798069
17.34150229,67.9545435,18.75626255,8.861479668
17.43732714,73.0926704,14.33847406,7.861128148
18.89780215,69.09512477,19.76182946,7.4526709
18.59190771,89.60982451,14.77959596,7.168096055
18.31561493,81.78710463,15.36143547,7.26311855
17.13692774,128.256862,20.59541693,5.68597166
19.63474332,106.3598183,18.90705639,5.759237003
22.91350245,109.225556,21.33953114,5.873171894
16.43340342,140.3717815,24.24045875,5.926676985
22.13974653,76.64128258,23.02251117,5.95561668
17.84806561,143.0984171,18.77621951,5.949949081
19.88394011,60.91974792,20.31564139,5.789214289
19.32509638,104.7783947,23.3334788,5.581021521
18.4167001,132.9801054,23.42829938,5.689858133
21.81167649,130.0608093,23.20591245,5.794158504
19.72702528,143.7630894,18.28173015,5.748190463
17.15432954,87.99669731,19.87070659,5.566522896
19.62207826,144.1567454,18.67170854,5.809419584
21.63149148,134.3649948,21.17919701,5.887263027
16.06522754,88.06638775,18.72479695,5.99812453
20.61162204,69.63833855,24.36314135,5.792744849
21.42451099,116.5206923,20.39659714,5.912289889
19.07096165,86.21917578,21.21092266,5.788386951
21.18853178,137.1948633,19.63438599,5.728233081
23.0429097,108.3684316,22.42610972,5.833940084
20.65375833,67.71768947,23.10538637,5.967533236
18.09551014,144.7902323,18.29318436,5.625096446
18.23775702,69.44951585,21.07643273,5.515615023
17.48189735,121.9401369,18.8251973,5.954665349
19.9191786,82.68554379,21.47324158,5.74644777
20.27514686,139.7521543,23.2353604,5.877347515
15.77370214,108.3441414,19.2303162,5.979973965
16.71170642,96.77285817,19.17651433,5.635993966
17.66148158,100.6711761,18.15302753,5.635231778
18.50692825,87.0513289,23.61670065,5.679224346
24.51324787,64.19497947,20.81527638,5.670062975
18.87614998,105.4120514,24.54038287,5.724242065
21.59343016,61.13872036,20.31871249,5.811314232
20.12373284,106.158201,24.45202552,5.783425416
15.43546065,139.0302034,18.37477907,5.607808432
22.64236876,122.3886015,21.59396123,5.946999529
21.98560799,129.5650601,24.87304788,5.852046999
20.53052663,120.4509288,18.09224048,5.824090984
15.78601387,95.17028129,21.14544088,5.502999119
19.6365349,96.65888933,19.68751084,5.821649914
20.57341244,87.87869161,19.7520218,5.711439256
20.16080524,138.2362122,24.84207559,5.514927264
21.53989176,120.6913038,24.25386207,5.99616119
15.53834801,107.3850593,23.75560241,5.695422863
19.91853092,108.6434544,20.70099804,5.833010958
20.76952209,109.0193712,18.93146941,5.568456899
23.46168338,95.84253438,23.22197648,5.645435626
24.32116642,60.27552528,21.0278674,5.821194486
20.12574053,100.0497183,24.96969858,5.659254981
21.80619564,125.0972687,18.57086554,5.945465949
19.52226241,113.334026,24.92607153,5.951177452
17.00067625,103.2926407,19.90790546,5.520880014
16.78791503,75.45328039,24.96881755,5.578410206
24.84906168,62.21292186,22.89464642,5.608165195
16.51783455,98.77794225,20.4555596,5.609435128
18.15300153,107.6907964,19.38602098,5.509295379
23.18864385,63.38208822,22.3104551,5.902033406
23.38002569,87.66898664,21.98879437,5.744117663
18.358923,138.414764,19.37703396,5.717143397
19.25975367,94.9533526,20.51346956,5.542690119
22.95458237,107.7315386,24.03553105,5.858617867
20.120043,104.6252153,22.89845607,5.618844277
21.14011423,141.6056722,22.7182355,5.606620346
24.92360104,62.7089169,18.22590825,5.582178402
15.33042636,135.3315583,24.91506728,5.56503533
18.81097271,125.084915,21.27833035,5.889614577
23.44260668,107.4137246,22.77255917,5.934136378
22.8352024,63.59276673,18.97267518,5.683548308
24.9035819,146.4727237,22.27512704,5.70836603
23.78709569,119.6404412,24.35679348,5.948164454
22.05592283,126.7265372,19.60379304,5.774755144
18.87492997,134.1811718,20.18238348,5.97229163
18.62328774,135.3378033,23.02410338,5.532100554
23.00884744,100.118612,18.86880997,5.669560726
19.33162606,68.51253427,24.13995025,5.655726817
16.24469193,66.97053257,21.35793891,5.591704014
17.91652287,69.14681022,24.90814655,5.932323085
15.46789263,88.88796102,21.43780702,5.824208309
17.06104474,81.83420522,23.77201471,5.86442953
21.32776028,109.1013261,18.48522915,5.866744372
23.90910104,81.60211243,20.74619325,5.706198621
23.89756791,112.6616435,22.74378977,5.940546818
22.98666928,143.8584938,20.57940608,5.916779289
21.35135729,146.4548645,22.91244883,5.779090476
24.1638445,116.7324324,19.27907819,5.82738029
24.62835037,149.7441028,18.18325169,5.514234138
21.02213209,124.6118471,24.93896255,5.662699104
17.30844532,115.199245,20.01730914,5.86390397
23.82576704,84.64143632,24.75485098,5.624690248
19.30607278,129.3449326,23.96362799,5.591560999
16.03768615,130.3900798,22.33195853,5.976312538
19.18572809,80.15293435,20.83398341,5.669236258
19.92889503,64.02640797,21.79992115,5.961934481
19.56376468,139.2921004,24.67385131,5.690065688
18.31357543,76.14153904,24.32991649,5.698371311
20.10993761,73.36386477,23.22323766,5.59503163
23.60506572,100.5978728,21.90539577,5.525904526
19.73136909,84.06354115,24.89487354,5.819403771
20.93409877,133.1914419,21.1893007,5.562201934
18.78226261,104.2570723,20.24768314,5.630664753
36.51268371,122.6539694,57.92887167,6.03160778
36.89163721,163.7266551,62.73178224,5.269084669
29.23540524,103.3301803,59.38967583,5.985792703
27.33534897,142.3303677,43.35795962,6.09186275
21.0643684,184.6226709,55.46985938,5.624731338
30.33276599,149.299952,42.35249879,6.446091759
31.80130272,147.0361442,45.03186173,5.623490043
33.18184225,198.8298806,38.23184742,5.864623352
29.38538562,90.05422663,63.47742011,5.761702519
30.27374995,127.7767134,67.38680755,4.696518678
35.45790488,108.6333046,68.75810535,5.269504214
33.80020039,176.6165894,40.03262418,7.445444883
28.69180475,96.36222901,49.47225353,5.833031708
31.24021696,122.0146733,56.67369054,7.339320929
28.98039357,120.7435664,57.23265151,6.347929353
27.32198928,96.51524028,34.13737127,4.697750704
21.47607807,180.382234,38.80023714,4.962661422
18.31910448,107.4721605,34.69776639,4.964887857
36.97794384,161.4812963,37.73992903,5.642813116
24.80467592,121.5639121,40.1242747,5.6093956
19.3479443,194.5921148,55.96805489,4.681576043
28.88302142,179.2155874,50.12323801,5.70951224
19.54314136,192.4372194,47.19188279,6.413543781
24.7741949,114.2821387,50.54621094,6.007508163
18.33124824,139.6483317,38.40975482,4.946369874
19.14729038,132.7748215,45.3733757,5.517208078
28.23416057,186.5008581,49.4421345,5.902103172
30.11812084,157.0858232,34.13307843,5.719889876
33.4126864,139.6702541,35.42910045,4.548202098
24.18553163,177.3377996,46.68746847,6.669529416
26.88630675,94.46748008,41.69617915,4.750929218
31.33170829,161.7820226,57.97429171,4.946263888
33.30711818,108.5090168,67.07780816,5.266227032
23.45379018,150.8712202,46.48714759,7.10959773
34.53823889,168.5948318,39.04468913,5.617008201
19.50112224,197.3752649,34.51086611,5.632353113
28.76794904,91.72084869,37.57792132,4.674941549
30.97758716,180.716828,32.24914235,7.161797643
18.39759147,93.12330644,36.82639309,6.624966131
35.09357419,116.9106908,30.98685456,5.004074624
34.93174223,159.2649827,30.40046769,6.345806011
29.50523036,187.8961851,35.72032498,6.216814453
34.51934775,129.0064612,47.52980027,5.921666758
28.43430726,147.0414824,52.10010827,6.012719118
18.41645629,163.2747473,34.80541039,4.684079249
31.07508973,91.31256412,47.19847683,7.077170002
20.89342749,195.5697875,46.24856523,6.208843215
30.90607799,170.9919828,52.79913039,7.05181629
27.9348279,145.3728801,66.45457122,4.722222454
35.95176642,136.0456753,36.52780776,6.418062652
19.54317155,173.1686574,56.92831399,4.803564468
19.63736208,176.4134092,32.31528909,4.608695247
31.2192752,129.2028653,56.46868874,5.611510977
33.50876355,126.6738117,45.70976142,7.322097972
24.80710166,188.4928637,45.01110015,5.023115055
36.20970524,191.0658531,31.94550613,5.617122801
30.50420876,162.5927723,35.48885969,5.391560418
26.01630259,160.3337447,49.94704718,5.906596905
31.48469278,100.546816,35.6395615,6.574209678
33.15122581,105.0380275,32.45974539,4.807776749
23.50222822,192.3023991,51.29019509,4.760038039
34.87248659,148.2502786,38.83786012,5.180271502
28.09269012,197.1144011,44.93322042,4.895927306
24.54757829,118.3606557,57.3414485,6.436160044
33.64769646,100.4673278,48.41490082,7.066087261
20.5591255,191.0895109,60.54880693,6.655918078
19.95991719,195.787103,59.33157782,5.982854523
28.87667593,182.2688175,62.4901206,5.457871273
36.04353699,159.8938645,43.61444121,4.759490199
23.6734328,141.1250722,47.2879691,7.342409555
25.74679443,100.7791633,40.7192594,4.820788186
31.08564994,175.9303271,66.68832981,6.242052013
18.72987676,139.8710041,61.33186249,5.001038726
29.50304807,189.5208915,63.46513414,5.560224583
20.43517772,137.2279662,39.37252634,4.747352458
36.00415838,134.8596466,56.01334416,7.313517308
31.46846241,174.5723999,35.39454002,5.661826398
36.30049702,101.6073988,56.03021253,4.672437054
29.49096726,153.2504506,67.10604388,6.471862118
30.5753044,177.5764304,34.75591197,5.384762927
24.69487673,91.95792434,59.96669215,5.859813416
23.17409556,162.5931264,36.67847052,6.962386495
19.04380471,155.3705624,33.10695144,6.12166671
29.32379604,165.4113371,45.93248374,6.421748487
34.6455408,180.9009998,54.32342534,4.828936119
21.9989826,136.8274312,56.31006755,6.98571967
22.99774444,159.689339,60.24218572,4.603563116
30.55992394,178.8998611,35.29006485,6.979540061
31.46417866,165.405354,48.17631461,7.064973419
25.95058595,109.1821183,40.58227261,5.16516459
21.01142393,185.2039114,69.69141302,5.111488821
19.25100056,149.063196,47.70351758,5.374358869
19.24462755,180.6465282,50.54495302,5.671419084
22.47253208,96.74706956,62.56532471,5.667419697
36.75087487,124.6028153,58.25799145,6.07938452
29.89286629,198.1403003,66.35375127,6.931924963
29.37735586,172.40168,44.82294584,6.842744374
29.65052947,186.9226052,42.89833235,6.876572503
19.54284889,173.1106982,66.34777265,6.151029296
20.04611791,122.4564203,48.93905624,4.567446499
27.91095209,32.67891866,64.70930606,3.692863601
27.32220619,36.5037914,51.27868781,4.371745575
28.66024187,36.92629678,59.3189118,8.399135958
29.02955344,72.98016599,61.09387478,8.840656256
27.78031515,32.05025323,54.65030015,8.153022903
31.99928579,71.6266696,54.1077461,5.270749441
27.33580911,73.44775287,55.27755933,8.050304395
28.92952635,66.35634104,53.57014709,9.679240873
27.65472156,36.94255012,58.59986279,6.974978386
28.52396666,61.32935611,55.77264351,7.39389918
31.02215872,53.56783314,45.89239456,6.68727523
25.74095321,67.43488235,45.38497051,7.88118645
31.70447482,44.94317432,56.85420099,5.875333778
24.47876451,34.96933295,58.51663927,8.202706015
31.46511256,74.44330654,51.79939437,8.985348193
25.60973447,53.39249517,50.7330069,5.87707519
30.30260453,68.04039813,47.18283631,7.707595055
28.17489437,45.78172762,43.6672299,4.524171562
25.50634557,74.32635105,44.8302551,9.926212291
31.12896766,32.76742894,43.58788762,6.455592696
26.34043268,35.1051197,55.59160391,8.016210782
28.23494706,72.66666443,61.5620517,3.71105919
27.04453473,48.25207759,49.32609633,5.49091063
25.16125354,40.89732789,55.25435777,9.254089438
27.3179125,32.55919573,51.66921088,6.005242945
25.4123765,31.87416982,49.66474269,7.437078236
31.21629982,53.1205277,46.01868196,3.808429173
30.573999,62.74803826,58.22686794,5.818219385
25.42517036,46.19374559,53.2208266,4.52363558
27.09400578,41.53749535,43.65305437,3.510404312
24.30935081,58.99536268,56.32938343,6.030447288
30.06142622,41.0550915,45.90067655,5.498340808
28.09568993,33.84110759,60.9835384,4.61136408
26.33908791,55.50429227,40.00933429,5.545219232
28.61409059,57.02891698,57.14218792,8.292875734
28.70012137,44.11622138,44.359648,3.828031463
24.21610338,42.24783476,59.79236306,8.869532817
28.50677929,66.1761456,45.20094476,3.793575185
25.97948991,72.19245835,64.95585424,4.193189124
30.88482722,55.053805,41.36561835,7.661537348
25.5042419,65.07981523,61.66852372,9.392694614
25.12528913,38.48678973,51.33189406,4.516154055
27.10508014,62.20279647,63.56791363,5.794289715
31.1006247,70.79934452,44.82069159,7.354286985
26.45707778,64.16167699,56.40226277,5.993513566
30.04132304,31.83192392,63.56222995,8.620107545
27.77799528,50.28438729,54.82130787,9.45949344
30.99256944,58.27600682,43.02151392,8.0344125
26.4908332,36.99362831,47.36534833,5.414492777
31.96987867,64.25520357,57.17377029,6.276004336
25.36140526,55.60523179,46.82652785,9.160691747
25.54249137,48.46797044,56.96640758,7.887658711
28.99319096,70.4713043,62.85948245,8.183844843
29.34317422,34.03335472,60.50320928,9.072011412
28.63618921,68.54877876,61.39451307,7.702287236
24.83206631,52.0810886,44.17085032,5.88509677
25.44689075,57.04826619,58.55363573,6.16496284
31.01274943,63.77192383,62.40392519,3.504752314
27.06179658,60.74583498,52.3003173,7.388007483
27.0956288,71.1271039,42.26206161,8.340398059
28.56800579,64.53027638,57.30636014,8.66077954
28.79929247,40.85534718,49.84213387,3.558822825
27.94293692,69.66289997,45.41393636,5.9565851
30.47757686,61.86633917,61.58245338,9.416003106
30.58139475,64.58559639,50.77148138,8.18422855
26.85911286,44.13827124,41.81420849,5.131779302
26.31051759,35.73403813,61.18749126,6.294130313
28.77833449,33.95825723,44.2252605,7.991902443
28.90245417,71.90018566,43.35365671,8.923095695
29.37687468,38.34303462,57.69622912,6.878498176
24.17093241,59.18953429,58.25204566,5.243634849
26.65333029,36.91852635,59.79023382,7.550090941
28.19912143,52.13580529,53.50567601,8.709291688
28.76488954,55.21606732,52.62741529,7.792508068
29.3499706,40.82840673,61.25353851,8.055908858
28.00937423,36.01203025,52.60950014,4.397698806
26.85851927,34.7426459,48.8246387,5.952384957
31.2123945,53.78769958,40.92604945,8.532078733
24.20422636,46.0203959,61.43378674,7.224193642
29.98835437,52.92929636,49.60384796,4.931890506
29.93964907,45.43669946,54.61813464,4.626212446
31.2119298,68.80141783,41.55934359,5.026003659
26.80474415,43.87801983,48.23991436,3.5253661
31.49398069,64.56807592,62.84916863,8.86979671
30.99694676,38.31597852,46.42693735,9.406887533
29.61253065,50.1978269,63.04749127,5.80428611
29.97604322,44.86052932,57.03184356,8.35495812
30.88883074,55.51932414,52.62696801,8.634929739
30.39321309,35.37493212,60.16299493,7.699200949
30.43683729,30.92014047,55.20522037,5.261285926
25.32688786,32.71129281,63.18180319,9.112771682
30.53684308,33.48919022,59.96664731,4.605700542
30.38257873,47.95406479,40.5926071,7.115994051
24.01825377,35.03404425,53.76623369,7.214078621
28.69841277,65.67591794,61.14754363,9.93509073
29.33743412,42.44054315,49.00323081,8.914074888
27.96583691,70.10472076,61.34900107,8.639586199
24.86803974,63.9187654,48.27531965,8.621514073
25.87682261,38.53254678,45.96341933,5.838508699
31.01963639,32.81296548,49.9767522,3.532008668
27.43329405,54.73367631,87.80507732,7.18530147
28.3340432,38.7976407,80.77275974,7.034214276
27.01470397,55.296354,84.34262707,6.635968698
28.17432665,36.35720652,81.04554836,6.828187499
29.87888063,44.75215854,87.32761241,6.89077995
29.89232778,42.99498978,89.71503316,7.165121109
28.56212158,56.48265193,83.24855855,6.935804256
27.53592929,53.01899249,85.5701901,7.196774236
29.68361658,41.82490236,87.93598094,6.990095452
28.14448546,46.75690086,82.1193047,7.064782138
29.53037621,59.87232071,86.73346018,7.156563094
27.88352946,44.64407105,86.45147631,6.364967184
28.22471276,44.01206619,82.35916228,6.428054409
29.008124,45.91011391,84.96089355,6.664187809
29.75538903,37.54602719,86.45193297,6.637677489
29.78416743,40.77872823,85.16906976,6.79385576
27.8640132,42.83053902,80.4513142,6.852884643
27.11026483,51.52617423,84.96771717,7.121571293
27.11030369,49.11964582,83.64274107,6.883308033
28.95451232,57.65901369,89.07866095,6.421271178
29.21780035,43.1386631,87.93724219,6.54450214
28.7420098,48.54598575,85.81675947,6.452006451
29.65021184,56.76278363,80.29868321,6.489259136
27.23924995,37.31236904,86.404241,6.713410626
28.95172351,56.51103293,81.67085323,6.510840928
28.18837136,37.01110438,82.60629652,6.287380117
28.30041493,50.47333854,86.20681554,6.86308576
27.89636126,57.79863368,88.71782287,6.78415271
28.6899851,44.56598352,87.50436797,6.769415888
27.8262623,56.68833819,88.73100226,6.320768488
28.70562673,59.87065439,81.59200689,6.705008504
28.6362812,48.48319335,84.61431076,6.790736339
28.28511547,48.56690235,88.4393979,7.130278657
27.60887393,43.80041104,86.13316408,7.012740397
28.60901145,36.94616965,86.99495766,7.155685016
29.24598976,53.43228915,84.80084105,6.991242362
28.62911222,50.49913241,89.1148059,6.218923893
29.57329479,45.04467075,88.07505524,7.199495368
27.82684262,58.37249772,87.16679147,6.389882166
29.8757015,40.12044158,83.14796296,6.623438282
27.33684386,51.09802625,88.50229102,7.033012777
29.83040388,58.86687093,89.30428305,6.32400451
28.2753171,56.04995423,82.76020821,6.397636709
29.86860065,58.41394143,85.99127934,6.401455706
29.5888162,54.96121262,89.9939693,6.904587016
28.07219563,49.61865305,82.9116472,6.478557136
27.84026517,52.84626009,89.99615558,7.063022095
27.10818093,55.03723979,87.4512669,6.981758362
27.68515114,54.62243308,81.94268594,6.227134139
29.34594634,59.03629954,85.60472562,6.232836962
28.36319404,52.93031105,84.8593608,7.140437859
27.65280218,56.52558045,89.80650642,6.459252023
27.31372793,53.15223123,85.44815232,6.568795404
27.06909959,50.46746116,86.89934108,7.12851089
28.06642822,39.23831035,85.91625451,6.42937879
27.73329078,44.17580911,81.13903037,6.248900919
27.53632932,45.48591922,89.92908171,6.619891498
29.66461594,56.09542002,84.28187572,6.377568542
29.9145443,41.39081525,85.85384444,6.415459592
28.36363858,57.99524359,87.59810657,6.320662012
29.46416042,43.15411472,87.60890009,6.978400282
29.73013036,50.91511275,82.89166381,6.442335593
27.46852989,43.78420984,87.17649,7.184398832
27.77076285,49.50812624,87.09979549,6.402926221
29.12939524,36.45012824,88.48312598,7.085982325
27.10606808,37.45680611,89.89593328,6.698574085
28.88078945,53.79732545,86.94206817,6.594739424
28.14720892,37.44800463,83.8001509,6.647965508
29.89129144,54.7960127,80.14487166,7.120032489
27.41503453,40.53173216,80.98004661,6.91380932
29.27308605,50.9246554,89.4875022,7.073048264
29.65296893,56.01913159,88.48587386,6.5304707
28.44524991,58.18713162,82.67639542,6.684381357
27.96235681,48.9366954,83.97586797,6.581351374
29.25649321,42.02483277,81.97952224,6.86483915
28.36291385,43.05130077,88.00989267,6.487124217
27.62749466,39.26137642,86.49366929,6.605733068
28.66086349,50.01534317,86.12194568,6.860602782
29.2114218,51.53848218,87.11497805,6.41874299
29.40889385,53.35486977,86.16063492,6.365513634
28.02952623,36.12042927,84.8845732,6.556372966
28.08657178,38.14476781,80.35005927,6.760694228
29.16174608,40.16545979,80.28038146,6.715276663
29.8596912,50.66487502,80.03499648,6.666380512
29.06631494,43.95183726,83.6869203,6.626629798
27.38538997,58.29933073,88.66663953,6.702772465
27.93034941,43.25095608,85.42058715,7.011030515
29.2808618,44.47427436,81.8009244,6.890156495
28.9973145,59.84499208,83.78911515,6.821747052
27.92678579,43.4826194,86.5543196,7.183189922
28.5474135,49.4897245,88.9570454,6.27258822
29.36488409,48.30159325,89.1886954,6.679127482
28.56149805,41.013132,83.63802195,6.689825155
28.43683487,43.12063289,87.91332682,6.583381939
28.79728147,44.30070517,80.45744422,6.725551062
28.7275267,58.52974279,89.12760359,7.069747814
27.95639663,43.25726752,83.52706038,6.921993878
28.17458662,37.2464655,83.69659318,6.770955317
28.77653519,56.12443206,86.69133979,6.983130466
28.438097,52.55469976,83.48991368,6.267684328
29.48439992,71.89090748,63.19915325,7.454532137
26.73433965,67.15096376,68.13999721,7.040056094
26.27274407,70.23207557,62.28814857,7.418650668
34.03679184,73.23573601,67.21113844,6.501869314
28.03644051,72.49507741,65.06601664,6.814410928
28.81460716,62.26242533,65.33538112,7.581442888
34.03619494,66.85510868,64.28791388,7.741418772
33.8642935,68.02199825,61.57072498,6.573531614
32.84213012,73.67166182,68.68401492,7.543804223
27.10053268,73.84949872,63.36085585,6.5408208
25.65842532,69.28607828,61.18235808,7.22405917
32.34744009,64.55882254,66.61452812,7.551364319
29.58949031,67.53021213,68.32176769,6.928898659
30.91219459,66.63830637,68.79427388,7.747775263
28.12787838,70.86340755,64.2097765,6.706505915
30.08545364,67.1367443,69.34811988,6.668238556
31.74379487,68.97097538,62.51007687,7.332375138
27.81326852,69.75555541,62.50460464,7.596802025
32.88733849,71.50569456,64.59457409,7.70650895
29.36358721,61.91208707,64.98742947,7.366542647
27.82592799,74.01229707,67.5861883,6.919243702
28.49538735,74.91559514,60.44848407,7.187721818
27.74274761,71.78615328,68.53997144,7.075886472
30.41588462,63.02473185,67.66323804,6.74441168
27.3254209,61.19250859,69.09047809,6.726469088
30.28496619,65.62859526,61.69295127,6.628264883
28.56840626,63.49726331,61.53278622,7.127064207
25.36586097,65.81655892,66.6379724,7.538631462
34.9466155,70.1415139,65.26774011,7.162357641
25.09737391,74.61649888,67.72837887,6.859409487
32.47648301,65.820457,64.34848735,7.397190844
33.86351172,69.24464096,68.59232289,6.880245789
25.19857725,70.88787207,60.37332688,6.581313137
31.77681682,61.46892873,69.01852894,7.296972161
34.89814946,64.72797143,63.59948557,6.97297656
31.74105409,62.3061735,68.63525428,7.241148507
27.16159076,69.85112265,66.76017239,6.92009048
26.23773129,73.58663968,67.88521396,7.504608385
30.20157245,66.37171179,60.06534859,7.152272256
31.55846339,74.86960831,67.83563765,7.137004749
29.67892453,65.66436565,69.0854554,6.808041722
27.05365239,60.4693835,67.7017527,7.393631868
34.63880966,72.43169115,61.38597868,7.69950698
33.39438752,63.57445989,62.93692886,6.602888249
28.84079155,70.25496749,63.37230676,6.734447425
31.49338309,71.48327008,63.0563645,6.521217963
25.54960633,63.1830529,63.95425534,7.707332484
34.37329112,70.27184748,69.69366426,6.596719015
34.6008247,60.41790253,63.11296779,7.403623355
29.43463808,72.17818157,64.94329356,7.517097
29.10713092,67.83345933,67.90577375,7.17620823
28.57006111,70.0866434,65.71765781,6.593961761
27.54384835,69.40878198,69.3478631,7.143942758
33.04687968,62.30278274,68.93875631,6.690655045
33.95309131,61.16350463,69.96100028,7.423530351
30.11873003,71.72980375,60.11680815,6.578714843
29.57812712,69.43895491,66.17587668,7.497469256
27.26458947,68.91754359,68.01232937,7.775306272
31.35730791,63.85668948,64.24992106,7.322555223
31.52104732,61.71111448,66.55723677,7.580527339
29.39982732,67.47677295,64.25510719,7.108450121
29.38400259,65.24194361,64.14928485,7.358974541
28.38686534,74.24459122,61.88871127,7.405176138
28.47442276,69.5274407,63.53604453,6.500144962
30.64095781,71.36947525,61.14508627,7.167435834
25.25596239,68.64685069,61.36669662,7.261791753
32.97030511,73.44678678,60.18122078,7.586642101
33.66855394,67.32520551,66.60416867,7.534811833
32.83963757,73.40452716,67.99803573,7.251000789
27.45853567,69.46020927,62.90020977,6.513620918
25.68576704,74.62068748,69.84354028,7.121254928
30.0328403,71.21006868,64.14800537,7.574561547
28.20667264,64.32887142,68.27085245,7.350869792
28.27265858,63.29900785,61.18956161,7.513151076
28.5417236,69.68862306,64.2020154,7.025607706
26.87187036,63.51822045,61.61367264,6.804253866
32.79766751,64.11411069,68.77994074,7.163043872
26.42333018,63.46546487,64.51136845,7.338929556
29.79181107,63.02169909,63.38789228,6.621323612
27.44003279,72.50669768,67.10464369,6.661870999
34.1262979,70.40795007,65.14877461,7.733149554
30.94908189,62.78730907,64.23364112,7.402891666
28.75751783,73.37686831,61.02701476,6.599147298
27.24766491,62.31842057,66.10123083,7.04174124
28.63005477,62.2737345,66.770943,7.353876754
26.41768321,64.42177127,63.64698302,7.026795359
32.81705216,68.83924882,66.15665137,6.814301033
29.6321052,71.16331975,65.91359954,7.42160832
33.49077065,65.45328463,62.73317204,6.847382891
31.86847286,74.22238583,66.74217464,7.191522601
30.32992227,71.64631281,65.62971858,7.01285529
28.546224,62.83469851,66.31394098,7.368318809
30.02629908,66.47264636,67.88811637,7.26154329
31.65531175,66.69096751,60.13263713,6.52669158
30.33499674,74.16699119,63.54718862,6.872594461
33.36984395,64.89517488,65.67718163,6.874142175
31.4345059,64.77651469,62.99303471,7.76061831
27.71678273,68.56507978,63.29103387,6.781841984
32.63918668,61.83876146,61.3009051,7.326980454
32.7477393,63.37784443,67.77954584,7.453975408
28.05153602,43.35795377,63.49802189,7.604110177
19.44084326,46.83130119,63.27771461,7.728832424
29.84823072,46.80452595,60.63872613,7.491217102
21.36383757,46.6352865,69.92375891,6.633864582
26.28663931,46.13833007,68.51966729,7.324863481
22.17499963,53.46622584,62.13873825,6.410441476
26.57597546,50.89110726,60.97876599,7.836719564
26.58972517,50.90994463,66.14007674,6.139215944
19.1345771,36.46946971,62.57526895,6.590571088
28.75273118,35.15426171,69.15640149,7.286049978
25.78746268,49.14337177,60.2816298,6.058306161
23.89271875,52.55730112,61.78779413,6.658605362
28.67408774,42.96018627,63.18832976,7.299360767
28.42062847,49.02366803,61.77336343,7.815210661
21.35499456,41.78219834,62.60136323,5.925391795
21.12695586,38.71834464,63.18738532,6.403683619
24.02037872,49.78102578,61.62313345,7.397546271
25.40474421,51.92057267,65.8567539,7.722335992
29.03017561,54.9393771,64.49166566,7.475926645
20.21368219,50.89732989,68.65257685,6.887130053
29.19585548,44.93261911,68.01965728,7.441976825
18.29783597,49.39111479,69.6897615,7.629910253
27.41434987,44.43177543,63.41785982,7.336117221
24.84063998,48.77790371,60.09116626,6.75020529
29.94413861,40.37113729,67.31323084,7.52178027
25.87990287,47.89645224,67.55109024,6.347379185
20.0467711,46.05333124,65.84395319,7.135251532
22.99451999,54.49044154,66.70897237,7.670178119
25.13163619,49.04015558,66.92642362,7.399749291
28.49584395,53.14531023,62.44616219,7.841496029
18.28766124,48.60449438,69.48515056,6.254216611
24.38041875,53.13946695,61.18458224,6.868881708
21.31852148,45.42616802,66.43934593,7.320514721
18.54141834,44.07819743,62.70637578,6.296976913
25.28710601,49.37369982,60.85993533,7.241151936
25.43459777,41.02682925,69.12613376,7.685959305
28.83600962,44.08562546,69.76112921,6.890760124
27.37659643,49.47371773,63.93927841,6.155915975
28.31886863,45.36521251,60.19461399,6.167855382
27.4818649,37.81123974,62.04814951,6.861640036
18.28072173,48.80253285,68.10365387,6.978361689
27.61204997,42.72374404,69.29786244,7.043160241
23.43974653,45.40277297,63.22011726,5.94239222
20.95628486,52.39881209,63.68128841,7.239455147
23.7937153,49.73922097,68.03209183,6.516317561
22.6371424,38.30411077,65.44544859,6.233269045
21.53577883,35.75107592,65.47227704,7.505283615
29.87854588,44.95654782,65.73085206,6.950300686
25.2653291,48.33941188,67.10004577,6.958054839
25.17885316,35.03484812,68.93307305,6.54803469
24.12192608,44.23629285,61.09533545,6.461618577
23.33565221,36.18678721,67.40460704,7.065264073
21.74600081,50.43306085,63.39503184,6.765091462
27.60195453,54.37814199,63.46170674,5.91645379
24.388717,47.26052494,62.50453062,6.711341147
24.98287462,38.21370568,66.895409,6.379881442
28.234829,35.36831423,69.3159965,6.313284268
26.03026959,37.11395801,69.55863145,7.393210848
28.04849594,37.15824966,64.07691942,7.504930973
24.87425505,48.28137482,64.00213929,7.198076286
23.97081395,53.40906048,62.35557553,7.007037515
20.06003985,42.89509057,67.76252583,6.677262562
19.59221047,41.7704893,61.28633405,6.74398035
29.77013109,35.69674138,66.29327012,6.547361618
27.52135365,48.06491307,60.53657684,6.551577598
25.62896213,45.49683991,63.14909763,6.585020303
20.39078312,53.31508572,60.47528931,6.924042372
25.39038396,39.18374505,60.4989659,7.437373666
24.91079638,42.19740397,60.71367427,7.142611056
27.70496805,37.46160727,63.20915034,7.74672376
18.06486101,51.54922825,65.1034354,6.300479414
18.13027797,50.6128521,62.45851612,6.078724107
23.82723528,46.90725077,67.89815262,6.76660668
23.19305333,49.55213308,62.74710773,7.641024177
25.08966129,41.45486619,68.17543102,6.559681838
25.86928193,36.68284038,61.88321072,7.072923306
18.43966037,39.00992137,68.05394959,7.732194788
27.14911056,52.50812701,67.02664337,6.157782589
23.33375853,47.01510708,64.50515776,7.240988401
26.7230014,42.87274897,62.96841833,6.898905799
19.55750776,53.04669416,64.45268309,6.818681086
26.13708256,46.48280681,66.7729209,6.261937875
27.99990346,49.94043064,65.57653373,6.493036868
29.05941162,36.5011366,62.10652364,7.042474679
25.71269843,50.17067771,64.1123333,7.692013657
21.79792649,46.62370222,63.73086065,6.250994223
24.70626432,53.12442925,60.26854183,6.052184881
20.94981756,44.23913012,65.8108757,7.002216044
24.84918386,41.61080544,68.98088448,7.272427638
21.91041045,36.10211371,65.21662467,5.962001484
25.93381964,51.02372773,68.70533022,7.080506001
29.82112112,51.56461082,69.4073209,6.593798387
27.52185591,45.20841071,63.13215259,7.28805662
27.99627907,46.10585191,68.6428593,7.32710972
20.76774783,47.9271552,63.90164154,6.366355781
23.05276444,52.60285259,60.424786,7.011121216
21.65845777,38.07659414,63.58337146,6.280725549
26.25070298,40.8106299,67.62779652,7.621494566
20.97195263,53.10207889,63.83179889,7.630424083
23.89736406,40.74536757,66.32102048,7.802212437
24.55981624,111.9684622,91.63536236,5.922935513
19.65690085,108.0458926,89.93701023,5.937649578
18.78359608,102.5184759,87.4024767,6.804781106
24.1469628,110.2316633,94.5110662,6.424670614
22.44581266,109.3905998,89.90147027,6.738016221
24.96273236,109.4169192,92.40501423,6.497366677
22.5526059,104.8955643,89.3259486,6.327673765
22.77035608,106.9659201,91.45498527,6.36137446
19.20090378,108.0423555,94.27659596,6.923509371
23.12808226,109.3930157,92.68328358,6.630646083
24.92639065,104.7693804,85.19098079,5.832525853
24.77464458,105.7595811,85.63608688,6.738993954
19.8671184,108.3168858,86.35590206,5.782435567
24.26601316,104.5375109,93.7974061,6.537042717
23.62600218,107.6836871,89.73266695,6.145104401
19.67832052,108.5468633,89.08935702,6.890784045
22.36509395,104.8216333,92.30882391,7.175344328
21.57936934,102.8593382,94.88267728,5.938528744
18.26233221,108.0756727,88.16779129,5.709380472
23.71028128,105.6499907,89.61794165,6.184400085
22.48720144,111.6631582,89.9224883,6.553509673
21.6602498,112.4349689,94.79397419,5.885638185
20.13037175,107.3416913,89.31505137,6.143874691
18.41164435,105.1834976,91.11927248,6.101198974
19.68291173,111.2818551,89.75272999,6.594037135
23.20242586,109.0946323,91.19442671,6.859840821
18.92157197,102.8013275,87.31290342,6.56893406
22.10621387,106.8704803,91.34039616,6.769855664
18.47412402,108.4758509,89.68919664,7.130837931
19.81069447,102.860084,88.92944254,5.740338002
24.4880844,103.1969341,90.83687246,5.843005428
18.75927679,111.0196744,89.93457597,6.648687274
19.54128063,104.3739878,90.29751796,6.902751061
18.91251245,111.2800516,87.74938524,6.608023872
19.91330523,104.0277061,94.95031368,6.828522375
19.72620525,108.2287276,89.64934166,6.910374919
23.83185873,111.2232716,87.84034604,6.306605528
24.94467632,103.8799347,94.25702672,7.009180374
24.692258,104.6735454,93.87030088,6.297907579
24.72485577,111.2787584,85.56083187,6.728599215
20.12644921,108.065579,87.59629625,6.965156738
21.02432943,104.7847006,93.0569505,5.578095745
22.40423537,109.8695196,88.1508343,7.199504273
20.33691147,110.9653137,89.38003827,5.841367187
24.24779615,106.9216033,85.56033312,6.710143266
24.81530144,109.2853418,91.90842992,5.972714857
19.66329768,106.0380805,87.95158129,5.561851831
22.43377991,112.459697,90.3396556,6.107054808
22.92052307,110.2437841,85.12912161,6.988035315
22.91843172,106.2817706,85.40695044,7.13147457
24.88244467,107.1951707,89.39686219,7.086947687
23.40981539,105.2240743,93.13277,6.749260456
21.20725375,107.5660804,94.26304717,7.16300467
18.20230419,109.6623974,91.12282162,7.013481515
22.34375696,103.3183074,89.7870345,5.648243649
24.32770134,110.4606459,90.88292835,6.610251186
19.75088482,102.5538035,88.71691157,7.054313823
19.86173586,111.0217929,86.19740917,6.026999326
18.07132963,106.3602023,93.14554876,5.779427402
23.89162561,104.617522,89.61850203,6.535244251
23.98598756,104.991282,93.34236582,5.684995235
20.93892916,103.0295938,85.42912869,6.12476108
20.82210727,109.4429934,87.22815682,6.999014379
20.86474944,106.8685636,91.61793636,6.277148771
24.45840036,111.3779693,86.10874614,6.322396027
24.51147697,105.6209954,90.64498715,5.956401828
24.56811204,110.9633894,92.03009222,6.591302797
24.63228709,110.6956184,89.01574455,7.104094929
20.07386547,103.7084055,90.97819712,6.407872061
21.80523051,102.6488846,94.63612858,6.658402594
22.8122645,110.4432293,86.34233767,6.276038961
22.73031253,104.6843243,88.48567856,6.825256236
23.2801227,111.1382096,94.94330457,6.368560522
19.30106297,105.4766591,87.1775172,7.005410734
19.0087067,108.6793978,88.83768149,6.897368477
24.35193812,105.529185,90.88612388,6.152906502
24.72235539,112.1926517,88.87651295,5.744361602
21.92513945,111.7162016,94.46485312,7.051654924
24.83954414,107.6435771,86.88738076,6.034612928
18.09691127,104.88189,90.42177379,6.924490731
20.24104904,109.2537734,91.08706822,6.887005997
23.22594,105.6917856,94.42971362,6.8444019
23.50128217,106.61905,92.97527546,5.786058032
19.44623085,106.1606833,89.02127045,5.627186257
20.51343484,110.5764023,92.51675903,5.700088663
18.90223032,107.6103211,94.99897537,5.567805185
18.90592319,112.4750941,89.24126808,6.077886012
22.63045168,109.0357597,88.45577158,6.397995609
19.38603815,109.9130984,86.79058496,5.767372539
24.38318965,103.6012114,91.19431555,7.079973241
23.77989026,106.977723,92.93386903,5.893332378
22.59890174,110.0932899,93.16343942,7.058222596
24.37766782,106.128338,85.4017118,5.78270695
20.89273273,104.4407083,91.07776977,6.269663963
18.09903225,107.0050976,85.70786282,5.892913826
20.00218987,112.337046,85.83618191,7.116538883
19.85139326,102.8186358,89.80732335,6.430163481
21.25433607,106.2784673,92.65058936,7.159520979
23.65374106,109.8076178,93.32657504,6.431265737
23.88404783,108.3121789,86.20613842,6.082571701
29.36792366,92.82840911,76.24900101,6.149934034
27.33368994,101.0494791,83.67675197,5.849076099
27.40053601,104.9378,82.96221306,6.276800323
29.3159075,90.10978128,80.11585705,5.926824754
26.05433004,113.2297373,79.39654531,5.519088423
25.86632408,114.5357503,84.42379269,6.079178788
27.00932084,97.32531705,80.18546798,6.13465588
29.55054817,99.34482238,78.06762846,5.808497604
26.28845991,113.8729798,83.390039,5.891458107
29.16226551,100.0075679,76.16151562,5.816622479
28.65003945,98.75084366,82.68752542,5.843163161
29.07311132,100.1692639,76.50045221,6.376756633
28.08166093,118.2761894,75.26429821,5.623615687
27.1994597,99.72430835,78.8086068,5.91505509
28.05484146,108.3957179,78.04602887,6.458714879
25.14748006,98.66679427,83.34688193,5.565028635
25.94019018,119.84797,78.3422098,6.211833161
27.66752761,108.66464,79.68542782,6.490074429
25.56703012,102.7867717,75.94067692,5.590236025
28.6956201,116.1616839,82.54195839,6.225225239
26.33544853,118.6858263,76.8532006,6.190757459
25.93730186,98.21747528,78.89864446,5.915568968
25.13686519,91.46442491,84.88394407,6.195152442
27.50527651,105.0776992,80.79783998,6.156373499
26.21009246,112.0700033,82.34429458,6.313197204
29.10403455,92.07835761,79.19588629,6.324270089
29.2440638,90.66727868,77.32017166,5.707488987
25.56202173,93.10247183,77.38229006,6.119216009
26.3985515,98.16752001,81.36028902,5.571401169
28.09577643,109.5408614,77.79586769,5.63127166
27.84767901,117.2878912,83.31110751,6.101241579
27.39341554,94.31102057,81.4654833,6.438137279
25.14517635,119.218154,81.38204104,6.098369122
28.65456263,102.4633775,79.28693687,5.695267822
29.16093424,109.575944,76.67484233,5.618094446
27.57278064,91.34276507,82.0638878,6.435785799
25.40909896,112.9794804,82.36208097,6.176644228
25.99069521,112.0777152,83.33983116,6.220643671
26.29039046,118.6730366,81.06003778,5.871702211
29.14827211,117.536781,78.71024836,6.390741836
26.59743595,107.3944717,79.35898915,6.21084479
25.36059237,116.5531455,75.03193255,6.012696655
29.12036889,112.3982055,80.18080728,5.908770059
27.53911354,110.3262123,77.25629897,6.049801781
29.66727337,110.2511102,83.51014178,6.010095853
25.05802193,110.4408803,84.97323747,5.738678895
25.86824781,116.3019555,78.52399914,5.74055541
25.85036988,119.0856171,81.95580471,5.793260262
26.51682337,108.8547508,77.79913575,5.50947065
28.66725136,118.2583441,79.59242542,5.986442306
28.14938935,91.40508414,81.54448882,5.790768046
26.42313317,95.12322062,83.6995044,5.915546415
26.59386409,109.9825551,81.40740301,6.242528278
27.71822477,102.2099836,76.57853189,6.036079266
28.98333432,109.022564,82.95958244,5.829898502
29.42017919,117.229079,83.96754496,6.088064451
27.39872329,112.1355384,81.10523402,6.469370954
26.4020227,111.0162259,84.41007614,5.720726906
27.81251452,99.20961514,82.69285419,5.80766417
25.19640218,115.8586081,83.55829874,5.703381728
28.31193338,119.695765,75.77363772,6.165001278
25.90113128,110.10323,80.47152737,6.002481605
27.48612983,109.2768851,76.11239849,6.212369363
29.38254012,109.2486647,83.50423735,5.765308943
29.22118628,108.8616474,81.08183635,5.740764682
27.09062164,110.1331182,81.33506906,5.879119455
26.12643374,104.4812858,81.81365007,6.099478745
29.01207743,90.43495443,77.95192527,5.674403359
27.96799119,119.4765557,79.28625709,5.694243847
28.0764455,118.9923573,76.05522115,5.905494703
25.16278237,90.94554618,84.97849241,6.110844721
25.78749808,114.2005455,84.51194224,6.020445317
25.34119774,91.06493353,84.47321314,6.435917308
29.44795403,96.45042585,78.34971537,5.505393833
26.47522633,113.1161095,78.51833782,5.677719902
27.39489579,92.78133617,83.31172003,5.719014989
25.08347445,94.32961456,80.261731,6.275572298
26.6719835,91.73358569,76.48541655,6.275384607
25.44926208,100.6619171,79.49221962,6.201911642
28.22776705,98.00403016,80.6430384,5.758054257
28.1279509,103.5045395,77.48247073,6.323933647
28.9470467,95.83016448,82.1888998,5.901100841
27.96236771,97.55986676,84.15403614,5.644486582
28.00316034,94.68180316,78.90085998,6.235461772
29.1400919,90.45142867,80.1190228,6.28236237
27.9122104,90.24211529,83.36307683,6.356090905
25.43480512,96.47800391,81.53977797,5.837258235
28.55980972,111.0843029,84.51602322,5.653437902
26.59580783,100.5123341,82.99556744,5.727469947
27.19711623,99.46950465,77.3970629,6.200111068
25.29391516,105.4220251,79.29122198,5.614471478
29.90888522,91.99964712,76.98740841,6.257369799
27.94972463,109.0921631,76.63713353,6.037430836
25.01018457,108.3690513,78.76260938,5.760457558
29.21144871,108.5501443,84.70189923,6.158164422
27.35911627,90.81250457,84.54625006,6.387431383
28.0106804,103.7040783,76.52808057,5.891413895
28.67208915,94.37987496,82.20793613,5.725418961
27.34585147,92.15524332,78.4873835,6.281069505
29.50704598,98.12565829,78.20585613,5.507641778
29.73770045,90.09586854,47.54885174,5.954626604
33.55695561,98.67527561,53.72979826,4.757114897
27.00315545,95.85118326,47.67525434,5.699586972
33.56150184,95.70525913,45.53556603,5.977413803
35.89855625,92.19721736,54.25964196,6.430139436
34.17719782,98.00687989,50.62161586,6.113935087
30.01592643,97.72843182,53.19212381,5.074272692
31.74592134,93.75441586,45.16127859,5.667507706
35.99009679,95.3713484,52.22780489,5.978634285
31.86641378,98.46768642,52.19331595,5.064613314
27.75518664,94.11213345,52.34605806,4.772385986
34.72413192,97.31258083,51.4271781,5.161148592
27.53907547,99.35408185,53.63549533,6.797779227
27.69637763,89.85646496,48.5622488,6.39474303
27.25373364,91.87312479,52.66319725,5.566704378
30.33723921,94.42850522,48.88704844,5.755049971
31.85744939,91.55845821,45.53106268,5.417340525
35.39986338,97.41054011,49.45962621,6.166173834
29.80747243,95.74606104,52.13797867,5.191265116
34.16438906,98.33351125,54.16482251,4.954739564
28.93270187,99.9834242,47.94053996,5.664587011
27.98392787,99.61465679,53.33018851,5.548584852
31.20478173,94.62954663,54.49960506,6.804437106
32.13409675,98.63333684,50.52559148,6.097869767
28.91862016,97.01331604,48.13974548,5.075504537
31.09779147,90.28624348,47.41196659,4.546466109
34.73823882,90.65022183,49.08864345,5.855119268
29.98080499,91.82271568,49.48613279,6.442393461
33.80398664,90.82549241,46.12866113,4.507523551
30.07202564,92.09609766,50.96040505,6.10729559
27.92063282,100.2585673,51.77965917,6.47544932
31.40948821,92.99739415,49.21729127,6.832979509
35.7877738,100.2160615,51.94190321,5.395275719
33.36140093,98.81596545,45.02236377,6.13526938
35.96054636,98.00644238,48.69677802,4.555688532
28.33333307,91.67241761,51.39586505,6.434197756
32.27652024,95.99487068,50.19368841,5.316875978
31.99490489,97.38741498,50.84881347,5.279388967
27.58258929,95.8445641,48.56916221,6.720041791
29.38471637,100.8124659,45.88744691,5.72742254
32.38697531,90.21633216,53.2328243,4.691396195
30.91471455,90.14047759,49.92963856,6.810186079
35.37775595,97.41586402,45.58110023,6.454045329
32.32362177,93.36718816,52.5896771,5.842763773
28.22373428,97.76832322,47.40519056,5.024124684
27.27433181,95.257992,47.16808054,6.422710539
27.10710832,92.37238878,50.70880979,4.94295037
34.89226666,91.63074547,48.75613373,6.414526606
33.7462686,92.26439205,48.50387598,6.777788126
27.3511056,96.27792547,54.43945147,6.441328044
32.89300162,94.49161372,52.61323969,4.650536197
35.38598705,90.29643888,51.42664176,5.254532213
27.5529736,90.40332704,47.90859131,5.910634533
32.82141065,90.89173106,47.45553843,4.755273631
30.17294105,95.23444287,51.0845903,6.814630246
29.26382931,100.7586226,54.82257868,5.342866119
32.06097197,96.59816497,51.08494181,6.336234624
28.69818144,99.642454,47.71875722,4.754435025
29.14305008,97.55155537,49.40983294,6.831706773
28.3471611,90.40260445,53.53903102,6.967417766
27.67256197,92.84991507,45.41692012,4.947683034
28.1218093,93.30247448,46.16888595,5.630619901
30.79375683,92.21318555,46.69536813,6.27339822
28.89409382,94.76322976,54.80750249,6.472774648
33.33024826,98.28583013,45.61143594,6.953246506
27.78912455,91.01152997,53.96886679,5.643710216
31.65333432,91.09745581,48.20662669,6.392313973
29.75150773,91.405983,46.73723302,4.981816523
31.32995611,89.78216168,50.22287593,5.421265283
35.63627319,97.51952041,48.97047762,6.942520105
31.66524687,89.98024312,51.98594645,5.435840509
32.26935342,95.94035356,53.56092806,5.870116071
27.81005614,95.89898581,51.59445462,4.74910393
34.58561471,100.3060719,50.34035336,5.497946899
31.27180992,89.74409017,52.23810152,6.811291098
33.93679864,97.4611918,52.72170281,6.460542749
31.09154239,91.46664318,47.02058367,4.791146778
31.89356292,89.59371481,49.02450149,6.4841522
32.45465292,95.04871605,50.69693751,6.526654345
35.47478322,97.79072474,47.97230503,6.279133738
27.32961444,93.53197359,49.30347234,6.052026047
30.90225239,91.77522598,49.95955487,5.73171945
29.09382275,96.23520043,45.5661059,5.32307197
30.02086169,96.63721027,46.78393776,4.66910839
34.13072188,96.38808001,51.25786185,5.101206389
33.44619894,98.05089394,53.05980465,5.339556562
35.3915464,91.22881052,52.48823147,5.061081874
31.53356352,98.57025046,53.06009323,5.821106036
30.7645515,90.38503469,47.93791463,5.956027059
30.01821337,96.08745082,50.0983181,5.676032581
31.32863689,94.67344737,47.59319575,6.524114355
33.88004781,89.29147581,54.39416048,6.273953676
28.07802689,97.45373619,54.9640534,6.128167757
35.53845018,91.54560427,52.94641947,4.934964765
28.70595247,95.8946444,50.44030129,5.445008416
31.48451729,93.17221967,48.77926304,4.525722333
27.69819273,100.7720705,51.41593238,5.403908328
30.41235793,93.92375879,52.48100602,6.621623545
32.17752026,91.88766069,54.01352682,6.207495815
32.6112614,91.10190759,47.74916499,5.418475257
29.99677232,67.12534492,81.54156612,6.112305667
30.7280404,68.38135469,82.42614055,6.092241627
32.44577836,68.73932528,83.88504863,5.896343436
37.46566825,66.83872293,80.65968681,6.15526103
22.03296178,65.34440794,83.74372787,5.732453638
39.64851881,70.39906054,82.21079946,6.253034534
16.77557314,66.76285469,82.75241875,6.106190557
12.14190714,69.63122027,83.56812483,5.647202395
12.7567962,66.77844567,81.62497448,6.130310493
39.04071989,73.88467027,80.18393287,6.499604931
39.70772192,74.91506217,82.68593454,5.554831977
9.467960445,66.02765219,82.29335466,5.800242694
29.58748357,68.06417307,80.91934392,5.570290539
17.82803682,65.84748763,80.96093443,6.27564088
8.825674745,67.235765,82.89753705,5.536645599
27.83487131,73.02882766,83.51444973,6.208196881
11.02105378,68.23963161,80.55557235,5.870600622
17.5862944,71.4065452,80.84806564,6.334771461
19.89363946,69.66256816,82.73366439,5.856575335
29.93707596,65.52279323,81.77713468,5.898944282
36.73126647,72.24230804,80.58931938,5.775600435
20.42094753,66.93065667,81.54185044,5.931101816
25.51939719,69.17281221,83.98351748,6.2286454
30.50734778,70.08200379,82.71775569,5.594240603
18.4269936,69.75734306,80.55625868,5.569230319
12.087022,68.66813363,83.59398734,5.93202852
23.60115364,73.23901752,82.48336987,6.423216506
12.80000387,67.10439401,81.20876367,6.417500829
38.06099482,65.70148216,82.24729637,6.234904253
39.06555518,69.30772897,82.03812973,6.000573725
33.78372897,74.53557341,81.16314317,5.685102769
16.76201707,73.28712806,82.00335557,5.662140095
35.89307536,66.53946559,82.66850729,6.358186848
21.01245395,66.38448261,81.17931863,6.119495295
10.89875873,68.69420397,80.01639435,6.207600783
16.36251869,71.55665483,83.00471609,6.48754639
20.28370163,71.06611222,81.32235739,5.81717753
25.11108456,73.01026829,83.25447587,6.325480034
33.4641162,67.92204319,83.86742974,5.562790949
11.7976469,65.06962486,80.86325389,6.487369687
11.36300891,71.18289431,80.03100049,6.116982944
25.23542319,67.03840888,80.68700527,5.695792761
15.99050693,74.40198861,81.23966573,5.734317007
22.4359017,65.3973168,80.18612085,6.329499832
34.76086052,65.70430027,81.03544763,6.167013532
31.11047251,71.43001582,83.34010951,5.653776058
28.57828803,73.34232097,80.95628959,5.840256272
41.18664903,68.68895899,81.01783402,5.539980812
27.02766138,70.95666003,83.17093908,5.833302165
21.19339319,74.62834921,82.33098331,6.399433771
10.38004759,67.3917379,83.44518113,6.138958698
31.3115978,65.01095312,82.56407013,5.972850838
20.46657776,71.29813872,80.97598029,6.456079585
29.36947679,66.13442813,81.53996362,6.336426667
10.72302459,65.2982112,80.02130636,6.425419926
14.97846952,71.63437433,80.49979873,6.294395676
15.3246651,71.60102999,81.67215994,6.477768039
18.73932187,73.55807954,81.12109244,5.931538447
19.3642553,67.15094741,83.36094029,5.980598579
41.20733624,65.90227462,81.61051026,6.389783283
33.34214482,70.68098614,82.51034633,5.693287415
23.81995682,67.2739864,80.12211649,6.00299607
40.66012294,74.03030056,81.24995984,6.372959542
11.82768186,74.10225057,80.2827185,5.510924849
13.28504331,65.80006004,83.54193816,5.69945282
35.83089092,73.67984885,83.32560104,5.778594403
26.18159716,66.05911698,81.03886263,6.315586313
24.57558351,69.706113,80.70695797,5.971813006
29.67229086,66.48490371,83.71498986,5.891195653
39.37102553,74.08101744,81.25353895,6.129812716
17.66558428,69.8671263,82.92903419,6.313085601
24.06679352,69.81855775,82.66396666,6.053662544
15.31413469,74.82144653,80.09711412,5.804799142
21.77466746,69.39630398,80.54942557,6.400719746
26.91624843,69.30927185,80.76838926,5.953966361
41.65602996,74.19664838,82.22118237,5.609255992
17.98667801,72.37127689,81.17712085,5.777271492
29.12033769,68.8503047,82.79092939,5.682395429
34.38922481,71.03001556,83.18392806,5.863996687
41.36106301,69.92107482,82.79782954,6.444373116
35.12158265,69.71518491,82.26890793,5.550832178
19.6491772,73.69529586,80.15215777,6.107741788
16.27852801,66.57462809,82.94270065,5.620745638
21.11903604,69.27779761,80.63399198,6.349875906
19.2077707,66.83113717,82.9042841,6.484323189
25.96308415,70.31782647,82.57813624,5.838748311
25.67385024,74.10919422,81.6212135,6.29099842
41.94865736,73.06862952,81.15595212,5.638328481
11.18994268,66.34234944,80.8084305,6.415555956
17.5438296,73.77063744,82.94703302,6.323722572
13.05809741,70.75633584,80.28297993,5.757009965
9.724457611,74.46411148,83.74765639,6.158689406
27.92004934,69.92092839,82.93262435,5.733539807
9.535585543,69.44115171,80.73112694,5.908724337
13.42988625,71.40043037,80.06633966,6.361141107
9.851242629,68.42802444,80.22631717,5.96537863
24.97256132,66.70016285,82.72828653,6.476757723
27.23708304,70.42508897,82.94573346,6.224542938
18.70679077,66.5964488,83.4795292,6.209928251
9.949929082,66.00817551,82.55138983,5.841138354
26.47330219,53.65742581,80.92254421,6.283818329
25.18780042,46.87420883,83.44621709,6.818261383
25.29954705,57.04147057,81.77527562,6.37620108
24.74631269,57.95826144,88.30866319,6.581587932
26.58740671,41.87540028,81.32563243,6.932739726
24.53442564,49.11618732,88.989272,6.140099215
26.0713757,57.79652846,88.7285657,6.467095849
25.96534238,59.46338556,89.77076659,6.849471704
26.22338015,54.60159289,85.34866045,6.512196212
24.41311871,44.07843475,89.81574032,6.039584629
26.49195283,57.72799157,80.04678201,6.057697106
24.04355803,53.78929956,84.18406764,6.423898762
25.5421695,57.57343233,83.31883376,6.936997681
26.74550678,40.794305,83.9195902,6.251286661
25.7131428,43.08961827,80.22972777,6.190015912
25.76484262,44.22066914,84.1726996,6.681606702
26.79489868,57.74091817,89.64815231,6.51075991
24.9004602,57.44942094,89.73524177,6.770278088
26.80750629,58.79889057,88.22874955,6.429788073
25.11189154,44.20656987,80.02621335,6.209888345
26.2148837,59.65590798,87.6883982,6.419052193
24.9103226,49.48575692,86.97190046,6.237861736
25.79448878,56.45229202,84.26830701,6.762471629
25.26931156,40.12650421,87.55055105,6.612847999
25.76402693,46.05122728,87.5931128,6.704688865
25.85483596,46.85176955,89.13163965,6.049609892
24.33528185,48.32113628,81.44030363,6.762030215
25.37601283,57.23028471,80.99313508,6.65398725
24.86094646,55.29563514,85.05318563,6.738030547
24.71885473,48.45978627,88.94568335,6.095689937
24.21495706,48.01138482,84.20576992,6.538006356
25.81692236,54.82963379,82.043255,6.377427122
24.47018505,57.26773002,84.16390229,6.417011754
24.13078816,51.19470197,84.84494575,6.649086972
26.1793464,49.43050977,86.52258079,6.25933595
26.17668721,53.33484977,86.7295205,6.121168559
26.03867719,44.3993381,84.6378378,6.031424482
26.53259325,54.30660782,82.39053979,6.835268184
26.81938687,46.06193778,87.8274604,6.551750306
25.50405534,48.47833278,81.40297428,6.940236218
26.20234499,56.47941847,80.38266489,6.87606733
25.13735887,43.52897517,89.28272716,6.457216535
25.92030221,42.10681516,83.47202566,6.921847888
26.6634609,57.40847165,89.98405233,6.881425746
24.06731461,51.75212401,81.64075303,6.915717008
24.6774157,57.05709413,82.75411437,6.206247494
26.11440416,58.48160844,87.64081095,6.29542477
26.81530456,55.74073582,87.65694462,6.399669044
25.15623099,55.49541453,80.27525115,6.862157042
25.2801372,49.29456609,83.15393658,6.224066378
26.22005978,49.08553937,80.90127035,6.093814669
24.92093261,50.55710813,80.61750795,6.291540278
26.21667586,54.65423596,81.01009354,6.32281728
26.81383586,51.70497792,87.21986949,6.873283991
24.31334971,48.11248366,87.47409052,6.074209622
24.29105004,51.26046418,88.04541346,6.49889585
24.42998931,48.58241822,86.33904774,6.678805092
25.66576039,54.22722466,88.6984228,6.114128685
25.07803672,56.39962921,83.46230461,6.405054243
24.88910524,51.70699144,85.87059083,6.110142735
25.42900869,56.34144589,82.91481799,6.828982708
24.37118217,44.63907691,87.1269128,6.451499764
26.4930645,46.06382209,88.59143088,6.313512999
25.83202912,45.24690619,89.00481725,6.755192025
24.41592661,40.32161859,89.39655519,6.623167177
24.37190239,44.20899581,81.2514818,6.12532356
24.24782473,54.7657624,83.03687902,6.653867608
24.64458469,48.31219031,85.49938185,6.343942518
24.89681131,53.14626213,86.10782926,6.217300786
25.41864024,49.52320689,81.12122989,6.286387658
26.26028739,58.97878791,86.14585891,6.7698938
24.90123934,46.59207341,87.20772913,6.744966312
24.84740848,59.67927244,89.20454622,6.391858432
26.98212846,42.91292205,86.70068316,6.770434148
26.90435747,59.75980023,86.25426228,6.727468157
25.86475496,41.16554802,86.67468041,6.662244646
26.70607759,51.51033554,81.14149505,6.944640222
26.44019475,47.81847573,80.91934337,6.507110986
26.283443,50.78669728,84.42478917,6.520663422
26.84366082,40.228644,83.85039964,6.106500787
26.03967219,43.87712348,83.9862443,6.277484043
24.92994759,48.75859458,85.00802358,6.195142279
25.50736962,44.2068997,84.24340241,6.792035575
25.4438391,57.51549686,87.9392312,6.472756256
26.12588914,40.71210074,86.5507939,6.000975617
25.10474753,59.26519444,87.5267616,6.587791262
26.27520631,54.38748495,86.63249555,6.956508826
26.27061608,46.76837499,83.09194521,6.259086583
26.73690828,47.46447019,87.82430156,6.747537642
25.04746944,56.72496677,85.5667282,6.932537231
24.69368934,48.99390828,85.56967628,6.353107393
24.54356968,42.00660251,84.60808277,6.211748957
25.89762315,54.49960057,81.96664832,6.277245254
26.6333118,56.31866159,84.31756844,6.560443519
25.35794749,47.72078245,80.45846265,6.903020221
25.28784623,58.28697664,89.63667876,6.765094964
26.63838589,48.32428609,84.69546874,6.189213927
25.3310446,41.53218699,84.30533791,6.904241707
26.89750174,43.97193745,83.89241484,6.463271076
26.98603693,58.54876687,89.4138489,6.260838965
27.57826922,28.08253201,94.11878202,6.776533055
27.82054812,26.32405487,93.03555162,6.528404378
29.09910406,22.52497327,94.22237826,6.750145572
28.04943594,20.76223014,90.83130708,6.562832807
29.91690582,28.16057247,94.55695552,6.117530021
29.86895762,26.26243014,93.25103208,6.076459669
29.17220859,21.30290472,92.21405224,6.293486295
29.24908541,25.93496537,90.06998135,6.069171847
27.76317235,25.21609113,90.35567642,6.740983646
28.82629037,26.23838511,94.26765349,6.201797639
28.52379742,29.86681385,92.09688432,6.041027474
29.06785065,29.1194739,90.97685539,6.019372459
29.08417927,25.33014238,90.73891887,6.704104127
28.47090661,21.08484101,94.79453182,6.494251024
28.27973674,21.58992507,90.38971208,6.224535449
28.47212559,20.88620369,91.21322065,6.160414414
29.68846716,26.83924845,94.30111601,6.168757984
27.02415146,21.26034986,91.66737633,6.085444691
29.09588297,26.70581328,94.16748386,6.159050816
29.69238699,29.1102594,92.58862544,6.606033244
28.20619412,28.78654515,92.86798698,6.447662945
29.05248036,23.66620626,93.92217834,6.105909623
29.57240298,27.56918621,93.61870344,6.559763394
29.10968327,27.95602304,92.43510994,6.14410903
28.20480805,20.36001144,92.91440379,6.099662369
29.11858526,24.52020164,92.12543021,6.413927319
29.62800691,23.69586761,90.10051615,6.075144116
29.81196601,22.68766503,90.36881284,6.123802502
27.72338349,22.81863447,90.93897939,6.698468621
29.26092798,28.70627683,92.92367701,6.088885814
29.72791119,26.52364146,94.29753295,6.367800632
28.91105641,23.44398467,90.78413842,6.425930938
28.96361426,23.56130173,93.88482153,6.469983276
28.59052369,29.44008034,91.33617236,6.094016338
27.33897716,28.69113835,90.69759008,6.150090899
29.90415889,25.37828397,90.75284363,6.646962425
27.42711692,21.7508774,90.02696201,6.379690748
29.55657523,28.36535596,90.70937262,6.732834334
29.84070774,23.28207838,93.76312893,6.126019932
28.53545677,25.1290048,91.72742702,6.161123579
27.11535046,26.51924782,94.86907886,6.442810053
27.84492803,26.47844429,91.60666594,6.732049075
29.03157242,24.93861254,91.82172592,6.243673725
27.82424457,21.19014526,90.56698742,6.266208727
27.72653142,20.21126747,92.00687531,6.350623739
28.69708334,22.21807088,94.30759855,6.002927293
29.73019662,20.49035619,90.97015715,6.342573112
29.54097171,21.9653077,92.91778307,6.163921248
28.80311922,25.16359891,91.78336933,6.121745389
27.29035669,23.49535234,90.53330091,6.130160473
27.46583649,27.27899847,94.87679041,6.440584681
29.49401389,26.30820876,94.72981338,6.185053234
27.79161808,26.85422624,92.51054946,6.157724816
29.12533739,21.90440445,91.52291141,6.776987974
27.93114233,20.66127836,93.56161439,6.431970877
29.45771748,20.76212031,92.12534736,6.708743843
27.96872279,28.94766949,92.17444796,6.010739645
29.48882958,26.01909355,91.07574233,6.365956658
29.47156259,28.75226067,90.77069618,6.668382766
27.0767265,24.4514648,90.14362622,6.74669542
27.30008597,25.09484511,90.80015308,6.031665834
29.82729394,22.84203589,90.79007335,6.40077205
29.93061247,24.34814338,93.22980899,6.448792689
29.94349168,20.39020503,93.90741192,6.251420275
28.03306461,21.17924769,91.47355778,6.274452811
29.8843055,21.0000988,94.0371147,6.135996372
27.7058373,22.06207161,92.91185695,6.194090172
29.78714005,27.8659442,94.65343534,6.327822962
28.57819995,27.5987178,92.86597437,6.212567211
29.48069921,26.0365768,90.33698678,6.640470863
27.51492243,21.01796432,94.96218673,6.685553129
28.05457761,21.84869328,94.81637388,6.327210469
29.03167341,24.15591199,93.12603235,6.35544263
28.5854649,26.88372572,91.89216849,6.085682344
27.08808014,25.32159689,93.42402083,6.781050373
27.99611732,21.61893763,90.84660317,6.630301421
27.87317436,24.05207925,91.14849627,6.484799661
28.96586565,22.25838137,90.71832938,6.566759102
28.87726019,24.44267592,92.48839665,6.170520518
29.17052093,22.06994464,94.19790371,6.012480351
29.34033587,21.44532907,90.01506395,6.541150335
29.07265321,28.83568362,91.91533173,6.341400922
28.68275966,29.11187663,92.50969311,6.150686364
28.92705913,23.20076686,91.39356832,6.438008153
27.99901833,23.28618248,91.64193051,6.547041903
27.59350075,24.84266123,91.79742953,6.399891457
29.87331077,24.69720481,90.60932469,6.186770318
28.55852465,27.26588346,90.45773041,6.159020864
29.19378695,26.48240255,91.46241065,6.660954816
27.98780984,27.14509034,92.78226196,6.504906979
28.05380704,20.76582087,91.81758779,6.706053225
27.3506296,27.21244021,94.2911951,6.067665498
29.34081108,28.22908103,94.5513539,6.419083092
28.61475136,28.98574189,94.22253035,6.39637861
27.04863538,25.08146686,91.34685096,6.375923383
29.5275305,21.13545688,94.57459443,6.700337732
28.50416396,24.20007242,93.46806467,6.565312653
28.89578588,23.0362503,94.78993038,6.286515359
27.04927452,23.65747461,91.3821731,6.448061578
28.96017885,24.7458198,91.69532178,6.585872508
22.75088787,110.4317855,90.69489172,5.521466996
23.8494014,114.0512495,94.34814995,6.133220586
22.60800988,116.0396587,94.58900601,6.226289556
21.18667419,122.233323,91.13435689,6.321152192
23.41044706,116.0777931,91.69913296,5.587905967
22.86006627,117.7296726,93.12859895,5.824151693
22.48403042,105.5473627,93.40819246,5.772179946
22.02775403,121.1349176,92.96129462,5.790993052
21.91191314,117.0761277,91.68748063,6.499226821
23.71059131,112.6676589,93.27392415,5.658473817
21.37784654,106.1417017,92.72043743,5.573241391
22.84852833,123.5977843,94.32130209,6.079497202
23.1094265,108.183792,92.79630809,6.383180271
23.25230817,105.3558408,94.54128292,5.867420996
23.67287749,104.2298028,90.4935574,5.708418722
23.76881552,102.2648546,90.59810302,5.7983508
23.34386401,104.4267991,91.47684705,6.28188384
22.63946441,108.3405879,90.18451645,5.697945522
22.45696744,114.8407725,94.76285385,5.605934087
22.96388477,104.6472986,93.58065995,5.85648105
21.07273439,107.8737015,93.56585985,6.041053829
22.44075021,121.4977331,92.70785115,5.685062404
22.71271308,109.8852597,90.45261746,5.669489065
21.70416965,115.1781396,93.44006288,5.751707342
22.43324518,119.1025189,92.48667725,5.800448951
21.25941052,109.0658471,92.84416234,5.821347769
22.9215706,105.6941544,94.89613443,6.28022267
22.81212536,107.855225,91.51861705,6.027314401
21.12152071,102.8017203,90.6878768,5.636687393
21.11478672,104.5086618,90.31528693,5.559363609
23.59997268,107.1728191,90.97597665,5.596449493
23.12652652,108.6211833,94.71203306,5.893492999
22.98458907,122.1952483,93.3204487,5.875718516
22.12659387,104.5412275,90.97818277,6.386021424
22.53779727,101.8474768,91.48135786,5.710819862
22.49095104,124.3915101,91.70292746,5.795985716
22.35548159,116.7366261,94.47811755,6.046673619
22.20700989,120.1593771,93.50574163,6.443382913
22.44516988,107.1843273,94.73763514,5.617227184
22.76643029,120.4359949,92.12438519,6.442289294
22.19109412,112.3126628,90.02575116,6.162034371
23.6119202,123.5900822,91.70293849,5.812781806
23.86087054,105.0241329,94.92048112,5.765015126
21.42177231,102.8045658,92.62665309,6.184922574
22.36629253,124.9831618,90.78572467,5.739652177
23.99686172,117.6102915,91.61001707,5.824778636
21.80129837,120.0586671,92.73446667,5.554823557
23.80436344,100.6192543,92.80441624,6.024248787
23.71475278,121.8961665,91.53331177,5.631333387
23.34467359,112.8954016,90.37981478,5.811975094
22.31253665,113.0688155,90.03577124,5.730557448
23.50201428,107.9868949,92.21083961,5.66999105
23.46260321,111.7763395,91.45665004,5.682751473
23.06204373,114.7399101,92.39544055,6.245858905
22.47420512,124.2179699,91.22759742,6.017370134
22.69780133,105.0508234,92.82223419,5.53456749
23.66682067,105.4004751,93.90191078,5.952367662
22.50050273,100.9343903,92.45878335,6.126436584
23.83053666,109.5966791,90.84422164,6.406818518
23.64142354,116.6912176,93.74461474,6.155939453
21.41363812,118.3979065,92.99124545,5.878568981
22.85267372,117.5314026,94.5764581,5.935336308
22.98208095,109.5852253,93.84505029,5.971332179
21.19909519,103.6838922,90.80819418,5.67130617
23.87192332,103.0548094,90.49939035,5.882155988
21.0365275,114.7412734,94.33919546,6.08551916
22.61711614,116.9256766,93.51978375,5.90402645
21.45278675,116.7036582,90.74531921,6.110218826
22.81227579,109.3383552,92.12992101,6.212302608
21.98141856,115.4789148,91.12719303,6.142803397
22.52709326,115.3830068,92.54780429,6.365972688
22.35628673,107.7697413,91.92360477,6.264202804
21.19852186,105.8554351,92.15595143,6.276198595
23.8812458,104.9116663,93.45067555,5.514253142
22.78234161,122.1449949,94.36803516,5.682343744
22.19055385,121.6622761,92.43764169,5.830892252
22.91430043,118.6044645,90.70475565,5.603413172
23.08950736,108.2166601,90.22507299,6.0967531
21.72484506,121.6961761,92.83975602,6.056529526
22.44307715,102.5565807,91.59234006,6.160267496
21.1316077,122.5391946,91.95769858,5.814434775
22.71750705,107.0289866,92.25479855,5.987262638
23.75033085,117.6602827,92.88160462,5.570020684
23.76121837,100.825956,93.661643,5.965551311
22.13450646,112.9203223,94.67695747,6.062356467
21.17089176,123.6495149,90.23730166,5.895319002
22.36238282,118.6832725,91.15761594,6.119432215
22.77856513,113.7759219,92.70124029,5.624203283
21.22503442,113.9760462,90.09877774,5.52078314
23.15791104,110.712841,90.34396882,5.731535258
22.42776057,102.7230739,93.91722423,5.893490899
23.64082979,116.7431319,90.95257927,5.560521058
22.29423493,122.7418744,90.69033986,6.222390798
23.35225078,113.0381382,90.90054697,6.071255131
22.03911546,110.9804014,94.58075845,6.231950009
23.80593812,119.6335548,92.48879468,5.889480679
22.31944084,100.1173443,90.85174383,5.732757516
22.14464104,120.6310784,93.82567435,6.400321212
23.65167552,115.3611268,94.50528753,6.496934492
22.16939473,124.4683112,90.27185592,6.229498836
15.78144173,119.035002,92.51077745,6.354006744
26.03097313,101.2847738,91.50819306,7.511755068
13.36050601,111.2266885,91.35608208,7.335158382
18.87957654,114.6659511,92.04304496,7.813916603
29.47741671,111.1727497,91.57802915,7.129136941
28.06903173,114.1339416,92.91487288,6.079998496
25.66901098,112.5424199,92.04670813,7.408939392
29.77149434,114.4161786,92.00719952,7.207991261
30.55472573,106.0711985,90.90343769,7.189259647
23.96147583,102.6958703,90.26408017,7.365338111
23.98289638,118.4901697,91.5473145,7.455991072
25.26052689,117.3695296,90.31153735,6.822282114
31.08368929,109.6894658,90.14362642,7.028746406
14.78003032,100.1961762,91.22062116,6.118430299
26.56608303,116.3796525,94.45239715,6.285312759
24.85903405,111.7803734,94.39000473,6.559236744
34.51465139,103.5684926,93.63812684,7.163245982
24.12188673,102.835632,90.72351622,6.945562889
23.85340379,103.923226,90.10522549,7.474710503
24.60297538,111.2948115,91.28408653,7.601189843
15.63211033,101.4705704,94.25966183,7.561143224
19.33516809,116.450422,91.97978938,6.361671475
28.2620488,105.2132259,91.98317355,6.929216014
22.67594476,110.3332655,93.36348717,7.477935216
21.03200078,110.6823944,92.9641969,7.684420446
33.23453301,115.7659902,91.06053924,7.825531916
22.30318989,117.3688104,92.15987039,6.438668989
11.50322938,115.5683776,94.8933184,6.946354724
14.34320488,110.2223123,94.35734702,7.994465371
33.1056981,119.1709113,93.48447453,7.434118807
30.49183837,113.3302105,90.4582865,7.781988584
30.25578031,116.7173125,92.03272799,6.052318465
12.22816189,108.4161706,90.26457428,7.106650373
10.01081312,119.3941064,90.22399223,6.22094286
22.79196751,116.5084074,90.60901895,6.420457311
20.18432263,116.8130969,90.65458473,6.969249676
30.72119881,106.8118019,94.01331956,6.011302181
24.35590861,119.6946577,92.39651663,6.600948788
21.21306973,112.9834361,91.35349216,7.817846496
10.78689755,117.5293447,91.38411917,6.8198271
11.89925671,103.5771468,91.34663797,7.291405641
22.56664172,109.8585753,93.37488907,7.598729065
18.86883219,119.3936976,93.24688124,6.157135092
17.34083741,112.7194284,93.04897191,7.1917274
34.90665289,102.1906333,92.87820148,7.418761774
24.53610067,115.9787989,91.90997228,6.488221135
13.8377282,107.9873218,91.74780462,6.044167236
22.3551049,101.5164589,93.52211892,6.010391864
34.74004942,100.1967854,93.12316972,6.949838549
11.54785707,108.8289171,94.14861001,7.907956251
23.13338811,104.4224145,91.94670335,7.639788459
29.98364695,115.3560318,94.55239717,7.53350946
20.87947369,102.4550786,90.93756231,6.251586885
17.24944623,112.5090516,91.13772765,6.543191814
15.83388699,109.7571416,91.68293851,7.651225301
23.01014302,112.6738296,91.11764246,6.708889665
16.39624284,102.944161,92.18151927,6.625538653
24.45132792,109.4711098,93.10527686,6.528354932
31.87859192,105.3437825,91.15248149,6.450640306
31.34920143,109.1549823,91.48247612,7.181907673
18.05142392,111.7793889,90.03969587,7.016482298
30.84835031,107.4142681,92.86773675,6.388617138
22.45616931,118.0069295,91.52781832,7.57125447
13.70319166,106.2944879,90.95589386,7.609348255
20.48954522,111.8391951,93.72485075,7.137136973
13.20844373,106.2696156,94.02769434,6.354022554
32.31944397,117.6236473,93.67804556,6.196907944
20.68185224,109.7513927,90.91510525,7.829507245
31.52675982,113.1169398,90.50621806,6.395258356
25.35467646,116.7555937,91.81183218,7.992041984
17.66545409,110.6857506,91.69865887,6.583411671
12.59093977,119.3916718,91.81668769,6.206053072
11.86631922,106.060149,93.68394562,6.976997772
11.03367937,112.7715925,92.22706805,6.562594972
25.2990432,117.9733424,94.96419851,7.260416405
32.23797837,104.7052254,90.15406807,6.460044778
17.68408797,108.0638166,94.35815354,6.699164936
10.2708877,106.6955204,90.19147747,7.401121811
17.22034507,108.0054343,94.78797376,6.912033409
19.667056,100.1737964,90.50096668,7.764040111
10.35609594,101.1456947,93.75652041,7.796034006
27.255435,101.139435,91.71369387,6.969883483
34.5917846,115.5650287,92.13229786,6.730757538
32.39523995,113.25373,94.51768464,6.601395755
10.16431299,106.362551,91.22320999,6.465913274
21.49118657,101.4819888,93.43949693,6.41354791
16.53460397,110.0447896,94.76759975,6.475275337
31.8520694,109.9455062,90.12220323,6.407715561
28.04799508,117.1311498,90.00621688,6.550814117
31.75048899,115.1989301,94.59551226,7.36220835
29.07412717,100.7896871,93.27189064,7.36549204
19.14381903,108.0230792,90.71037456,7.8546243
16.14820285,107.4287664,91.4448027,7.995848977
34.05296914,116.8020848,92.05811721,6.725600855
34.51423957,118.3271968,90.56151463,7.786725333
32.71748548,113.328978,90.54608254,7.656978112
25.16296632,114.3117197,92.54736032,7.105904818
27.68167318,113.9995146,94.47316879,7.199106204
21.35093384,107.0862095,90.9492967,7.871063004
11.69894639,103.2005992,93.25638873,7.566165721
35.21462816,243.0745066,91.49725058,6.793245417
42.39413392,88.46607497,90.79028064,6.576261427
38.4191628,119.2653877,91.14220381,6.751452932
35.33294932,235.6133585,92.11508608,6.560743093
42.92325255,196.2408242,90.07600528,6.938313356
33.83508569,203.4044028,92.85470152,6.991626158
33.20258348,197.5282582,92.76437927,6.977700268
23.48546973,191.7760562,93.71043692,6.833768535
29.33710543,202.0572747,90.81781439,6.739170045
40.21199348,186.6762324,94.50766912,6.993473247
42.13473976,197.402901,91.70445386,6.757470637
32.86316618,47.271547,91.4618874,6.850663232
29.80744318,232.7046126,91.38048469,6.74274935
31.56213762,63.62250788,93.0484859,6.506120752
36.32268069,141.1736926,93.06134398,6.98992719
37.13165026,172.4788062,94.60761797,6.69215564
38.4418717,77.71566883,93.63739039,6.544029776
32.66160599,78.85085502,90.78931681,6.927803911
27.92765919,149.9107557,91.55594211,6.721835879
39.01793345,105.8841531,91.48815629,6.99223441
32.51247398,51.07048113,94.65904123,6.704204398
38.72382798,62.62377075,91.72514851,6.702424548
43.30204933,110.562229,92.83405443,6.641098708
27.58548913,238.5008779,90.72526502,6.585346229
40.78881819,132.7923586,92.90951393,6.563134737
23.19451074,206.3999208,91.40301608,6.502289473
32.68067385,248.8592986,92.61715632,6.800321319
34.28879307,127.2509777,93.61082872,6.721130543
39.30050027,120.9512466,94.16193416,6.574677594
39.73149053,122.7628653,91.12220596,6.919342407
39.23342464,64.4478499,91.25589286,6.519779583
27.34734861,40.35153141,94.17756725,6.687088098
40.76998685,209.8678411,92.09278584,6.747975732
26.26559543,59.49373381,90.79668055,6.65149129
28.12971499,117.8201907,93.3210737,6.502675132
34.2804607,98.54047745,90.55561637,6.825371185
33.7960155,182.026807,93.00754254,6.99104104
31.53243779,207.0735119,90.87394933,6.511624841
42.30495821,74.876786,90.51431779,6.93172108
24.63676897,218.2299187,90.61964344,6.712772333
28.28222883,179.2720807,91.37059792,6.63016515
24.48620746,183.49095,92.98254537,6.761953186
42.84609252,78.8099639,94.63548176,6.691202286
43.67549305,103.8235658,93.10887229,6.608667684
42.07213781,165.7412972,92.92203105,6.840802254
33.46873719,136.8277041,92.12746225,6.834808348
31.7018373,48.83810592,91.66232213,6.953439161
41.41968393,199.3096432,90.03863107,6.665024508
42.54744013,214.4103848,94.94482086,6.662875839
28.91842453,63.68794608,94.63676767,6.678695788
43.08022702,211.8529059,93.90305729,6.54277684
29.20300896,209.4083305,93.96834049,6.839443833
41.04224355,181.527598,91.37258067,6.805277038
25.62446619,97.26336657,93.18240298,6.762522087
35.32876402,163.9069365,91.06138506,6.678449318
24.42561272,63.35298768,92.27749066,6.577192175
31.18298415,54.01872359,90.21646909,6.734005648
31.88342554,79.27201575,91.3256535,6.524459342
42.93368602,246.3613268,91.1756748,6.501521192
23.11407669,231.5153161,94.31994776,6.758479569
24.87212063,135.1694525,93.90560147,6.676578778
43.36051537,114.778071,93.35191636,6.941496806
26.83054058,144.6656444,90.75379971,6.864143752
30.42012134,75.95295,93.12659793,6.583528529
28.64555584,115.8163936,93.22642604,6.751747609
32.50037548,71.73759526,93.47888842,6.893509446
43.03714283,41.5856585,94.6428898,6.720744449
30.10773379,75.24521981,90.34546355,6.827812549
23.69212243,87.53393983,93.61055571,6.912299695
35.67667332,141.3381168,93.30641944,6.586107335
27.71948962,82.83061083,94.43877142,6.827305908
35.26824831,149.8488208,92.38282957,6.821774589
23.16855863,161.6892093,90.78821158,6.656458831
33.08706051,88.1300769,92.25197542,6.770384816
37.4620912,172.3458448,90.44967809,6.933809743
38.73218907,218.142147,94.73613484,6.579441304
32.57720726,93.7942847,92.74889453,6.92791761
38.38231475,210.2735346,93.10378595,6.985804083
42.93605359,234.8466111,90.09448142,6.612429546
25.65492304,52.95477913,92.74501561,6.813383387
37.58899717,159.6577388,91.99740365,6.9677596
29.60718808,62.68710535,93.15642801,6.57398033
25.34756111,174.4012337,93.02871078,6.803094965
25.9300384,241.8202079,93.02357765,6.964955435
32.76795887,240.4795923,94.57377401,6.764213299
29.02328049,126.8069869,90.20396783,6.617703178
40.00439101,92.11877372,90.17015833,6.52711001
33.32315744,234.496633,91.25271223,6.709668804
31.22790131,46.44279118,94.94021378,6.620729882
26.68386496,62.50689682,92.9585411,6.583760499
24.70528368,108.4103158,90.14732171,6.676407337
38.2016825,218.0908814,93.97379963,6.751298936
36.56769731,104.4218596,93.79503425,6.867554147
26.05375792,240.6863901,93.69111672,6.742490027
31.29986342,54.77830202,92.76039164,6.986228647
40.10207731,149.1199989,94.35110201,6.979102243
38.58954491,102.2708231,91.58076549,6.825664782
41.31330062,239.7427554,91.1508798,6.617066674
37.03551903,188.5181422,91.79430166,6.551892638
23.0124018,208.3357976,91.07355541,6.598860305
26.7627493,224.5903664,92.86056895,6.420018717
25.61294367,224.3206759,94.3138837,5.740054567
28.130115,151.0761899,95.64807631,5.686972967
25.02887163,179.8248944,91.53720922,6.293662363
27.79797651,181.6942283,99.64573002,6.381975465
29.25902906,184.7624496,95.11294697,5.542169139
27.10134661,150.9502632,93.69979946,5.551963184
25.84726298,147.8888994,90.92669463,5.860740481
26.58580443,178.8116076,90.98617591,5.558807063
28.38503882,189.6711349,99.18843684,5.55771171
28.43647052,145.5414413,91.81320717,5.568365926
28.27298134,198.8234862,96.93649473,6.07071786
27.00648436,144.3331315,96.46168931,5.627860549
27.63551259,157.9171537,99.34854917,6.38488418
26.29644905,215.9195049,99.65809151,5.685889066
27.1326009,204.7206567,95.23797989,6.234458417
25.56567803,199.7936345,97.61361544,6.443168642
25.94951662,172.0540491,93.40548703,5.842317989
28.03380598,218.0055713,95.01630593,5.955742971
29.12859129,157.2388553,91.30924833,5.741367375
27.0828252,171.7575545,97.00155491,5.948342571
28.11321494,172.4813641,90.01734526,6.387067562
27.5136304,156.6732553,94.18955816,5.562911913
27.63834933,205.5463111,95.48763389,5.85971872
29.01256899,150.0500312,94.01014388,6.282955073
26.58413917,171.6262299,95.78923137,6.25449571
28.28905147,142.9403233,97.00396405,5.973853124
28.69164799,178.9635457,96.65248672,6.081568052
29.70931288,209.8453993,96.30484325,6.37466756
27.14865285,149.2433497,96.66355213,6.027707171
29.28725038,132.1491176,91.95614918,5.868285082
25.06871967,134.8419069,93.31410447,6.205931638
26.92449525,194.9022136,91.20106019,5.570745386
28.27804288,171.9457959,93.64761266,6.095261013
29.18032562,204.9603677,92.73041222,6.025789594
28.3575072,160.7306991,91.64509299,5.542873799
29.38072512,218.5241851,93.27565685,6.366219551
25.39241091,218.080385,98.08951196,5.579845008
26.31270635,208.1181381,98.62048026,5.804965067
29.52501367,194.3100272,91.91185319,6.121005506
28.83214859,145.4172387,92.17170353,6.000248647
28.48444906,160.389421,97.76865458,5.820978791
28.74013335,156.7650823,93.39676499,5.620733794
25.00872392,165.8092179,95.59224018,6.001936419
29.8690834,192.7678575,91.14723422,6.305740522
27.54273211,150.2012138,94.59086121,6.362544111
26.52166434,144.6261698,98.38227669,5.588655387
25.03512351,174.796583,95.89739958,6.182232762
29.20394909,211.2506267,95.66997327,5.959493188
27.05826457,224.7006953,91.10510371,5.677282678
26.18552389,135.4186222,96.96637916,5.612122797
27.59376845,162.8432736,92.48519606,6.206077742
25.76011662,131.2451414,94.65830608,5.764812076
28.87862994,145.0583117,95.11320315,6.203376525
26.50908611,199.8778403,94.48414544,6.143662699
26.87037587,214.4128874,91.72546257,6.100429497
27.57283516,145.9298935,94.90485697,5.708409601
28.05912437,171.6516396,98.3670985,5.868255858
29.51611558,131.2116167,92.56492864,6.461225827
28.96318258,222.803013,95.16333673,6.165084855
25.09897688,157.7592626,92.36099489,6.047044342
27.1872282,141.3220576,92.19906776,6.137102505
29.03065024,205.5720367,90.79093862,5.894027065
27.754298,131.0900076,95.94643831,5.56222383
27.31155708,201.8258633,99.96906006,5.832608028
28.84270971,224.4016682,99.64328526,6.218571874
26.61423461,191.006688,96.97300803,6.142010637
29.70143197,215.1968037,95.65754365,6.078807239
25.54759871,212.867626,91.64194826,5.702484758
26.37978453,167.0470997,91.49882979,5.547594847
27.45907759,142.1430003,92.90736493,5.836075368
27.02269204,147.1682459,95.71935435,6.231662767
28.98545306,148.8398374,90.73966792,5.718120393
26.1055118,134.1279669,91.52421214,5.852038202
25.0707247,192.9036306,95.02156793,5.547933273
25.54963273,191.2996157,96.92786777,6.156259104
28.56973521,134.8370348,95.67906668,6.436314406
26.07010807,143.533473,96.7036223,5.981169595
25.51791333,178.7297725,94.38420565,6.271952833
25.9490364,144.1571109,94.73860514,6.470465614
28.2974764,182.4482352,95.41122824,6.141502001
29.56549169,224.8315729,91.40896307,5.826381164
29.69952329,148.3003692,95.21224392,6.342463714
26.14162144,195.4115025,93.28415295,6.071897347
26.00175125,209.540094,94.79998418,6.331051715
27.15116142,164.9182225,91.48889469,6.413184638
28.97318719,213.9011021,98.09861043,5.50158009
26.13958446,131.3387935,96.38580769,6.338720873
25.51618488,135.1272491,94.33465411,6.015672239
27.55821802,174.6256481,99.98187601,5.735364307
27.81132822,154.0621221,97.48410555,6.465906333
25.60033702,165.8248732,99.7240104,5.855457599
26.91641934,225.6323656,99.84671638,6.318552973
29.1797902,188.9252083,90.27214288,6.006784979
26.44600063,221.2258168,98.29937782,6.008386283
28.43572863,203.9283708,95.8840407,5.665785202
28.94099669,191.7723087,93.00109012,5.764615485
26.45488737,149.2220255,93.45042636,5.901495544
25.79490531,152.4238712,93.84150618,5.779032666
26.93141945,166.5712879,98.80313612,5.67154928
24.40228894,90.8022356,79.19732001,7.231324765
23.09595631,71.29581071,84.86275707,6.925412377
23.9656349,90.75616738,76.97696717,7.633437412
24.88738107,89.76050416,75.62137159,6.827354668
25.36243778,88.43618918,83.63276077,6.176716425
24.69457084,78.58494391,81.7358876,6.628722836
25.0017188,96.32600992,80.53965818,7.256877571
22.45942937,64.23026638,81.30681027,6.443785385
23.60564038,72.49800885,79.29573149,7.723240151
24.58453146,71.94608134,79.12404171,5.947448589
23.0865933,71.84080724,83.55546146,7.227745516
23.5000992,79.81328183,83.63488952,6.219469084
24.1472953,69.91563467,75.88298598,6.021439523
24.69315538,89.799462,84.84422454,6.253343655
24.484692,90.94342484,84.44932014,6.187455799
24.49112609,64.02949379,82.24415809,7.057693366
23.47986888,86.76287924,81.73049149,6.720449769
24.18586246,69.08056728,76.04203958,6.431689506
25.00755095,86.06411872,78.17952126,7.453106264
25.99237426,89.1188212,77.0543546,7.368258226
23.66457347,99.36898373,81.69105088,7.352401887
25.66891439,78.59595817,81.38103349,6.652143699
22.04612876,86.00758678,84.62978302,6.144631795
22.4204752,93.46595573,84.55794703,7.318802162
25.03149561,95.0191318,82.21276599,7.954629324
23.53371386,87.54004943,77.21705554,6.207652157
22.77076388,81.49543437,82.5993307,6.631005298
25.49848236,67.05961949,79.9751579,7.306918817
25.248679,86.55517751,83.4630147,5.898293044
22.78249615,64.61444234,77.51235009,7.238566893
23.37044424,71.67870701,77.43198948,7.977651226
24.86560781,79.56866268,78.22080815,5.983075895
24.14386157,80.36146974,84.51591287,6.785723961
25.03300222,97.10087029,79.04368718,7.393441155
23.65724079,88.54479121,84.47601498,6.486068274
25.54359718,88.94245493,84.09229796,7.175934962
22.00085141,90.42224164,79.47270984,7.388265888
23.64328417,80.96157332,78.1258666,6.10539819
23.96436009,84.63148859,78.02763149,6.419536555
24.65425757,61.82980133,75.6350708,6.307585854
24.3017998,65.0247867,84.87668973,6.93221485
24.29144926,90.41694635,81.02453404,7.810865753
24.29470232,81.05902285,84.61527627,6.527541661
25.72180042,99.93100821,81.19666206,7.569454601
24.87663664,91.9223468,76.30050373,7.041065585
22.60612115,75.13617229,77.34264002,7.208795456
23.86814008,90.4547185,75.68339729,6.814341946
23.41022496,78.82199603,76.43836957,7.442217061
24.96440768,80.03995829,81.31677618,6.854558957
25.16820129,84.62419032,80.30351815,7.884550475
22.72767171,77.55176318,77.07598065,6.006085786
22.45145981,86.84998693,76.25674874,7.432043735
23.04920461,70.65644296,75.53835214,6.498052108
25.29250148,62.64174227,75.66653335,6.205263534
22.95604064,66.48339303,82.33733678,6.360812227
22.80213132,91.6389565,84.14668447,7.046607434
23.54234715,84.12536744,75.98203329,7.947011366
24.41212325,98.60457373,80.80343786,6.281913858
22.94276687,67.08022574,75.37170612,6.114525877
25.53676123,95.4262599,81.13668716,6.753978061
25.32023717,83.46532547,81.79475917,7.425041316
22.426733,65.54475812,81.53480799,6.745104394
25.78544484,91.39578861,75.00539324,7.641116569
25.68959532,66.19426787,77.90621048,6.470135478
22.14593688,60.65381719,82.8597549,7.091992365
25.07278712,93.51042684,82.50257909,6.520403794
22.21506982,70.40557612,76.17851932,6.127939628
23.9643129,76.13090645,76.59175937,7.994679507
25.40059227,62.5138867,76.53237965,7.524707577
23.7805123,66.26555904,83.03878838,7.827877818
24.16402322,61.94626051,76.7433897,6.436691764
25.31468463,72.82902109,77.91757121,5.907930899
22.60361557,88.57395505,80.3509046,6.135025006
22.9535715,99.75336197,78.71555832,6.044556594
22.74446976,90.07326633,80.41198458,7.59781958
23.80834611,70.97358303,83.91902605,6.691268104
25.46228792,76.88582484,81.56641891,6.175492306
25.96779712,74.14169043,81.97904282,7.272316209
25.5308271,99.39557151,80.04662756,5.801047545
24.43847399,60.79645852,81.69801729,6.757457943
23.03887865,90.64770699,76.47039772,6.983395573
23.51308653,80.11272117,76.72621429,7.976889498
22.75805656,97.76600619,76.75768356,6.558902588
24.71252544,85.24963302,77.7293114,7.979090365
23.45969093,93.50153555,82.44777468,7.903528673
25.5503704,78.58488484,77.85055621,6.73210948
22.08458267,67.06459777,82.82904143,6.691690476
24.68854799,69.31153566,78.51206972,7.839849298
25.84997269,77.03421249,84.16855231,6.61448588
22.46054478,71.85436078,75.40989245,7.456971816
23.65629976,74.8984994,77.52425987,7.2942193
22.00817088,92.23645249,81.83896111,7.762647875
24.32630461,69.45072055,80.13456404,6.363406102
22.92360984,92.91915074,82.68738535,7.63737841
23.43821725,81.15072105,78.63388824,6.200671976
22.10718988,74.94136567,78.58320116,6.364729934
23.03814028,91.49697481,76.11021529,6.913678684
24.54795322,63.88079866,75.39752705,7.766259769
23.73868041,76.63669195,75.77503808,7.55606399
22.31871914,65.35747011,83.86129998,7.288377241
25.52468965,151.8869972,72.24850829,6.002524871
26.59104992,161.2469997,82.94164078,6.033485257
25.29781791,196.6249511,86.8870535,7.121933579
25.72100868,175.6086697,88.16513579,6.207459637
23.58419277,190.4242157,72.00460848,6.090060478
25.31042337,190.5577618,72.01364411,6.346715209
23.41798979,185.7446728,85.08640476,6.661957897
24.35564134,169.1168028,88.80391021,6.176860192
26.284017,182.2685447,75.14640198,7.251847296
25.13842773,169.3388465,83.12053888,6.386259978
24.88692811,150.2498675,71.91711523,7.319735475
25.75734909,189.4263485,88.36668522,6.025028997
23.12844351,199.8362913,74.68322732,6.344751947
24.9949957,151.4935635,88.95692783,7.02777956
25.21622704,195.8645552,70.88259632,7.299304715
24.39736241,164.2697011,79.26861738,7.014063944
23.31410442,164.4970373,71.4509053,7.488014404
25.72668885,191.9649389,81.86171563,6.626503893
26.96656378,169.8391177,78.21047693,6.239011
23.70467146,181.2783964,74.63745355,6.742688094
24.90075709,153.8990984,73.84186449,6.588017308
23.39605743,174.7876411,72.60512854,7.097586415
26.8748389,173.1017097,79.78725152,6.956682743
23.1426498,151.9035477,74.99739774,7.380396262
24.29496635,184.9800516,77.62976013,6.176618831
24.39459498,197.1220049,89.89106506,6.551130445
25.7629429,174.5071843,80.76238215,6.427726565
25.4879684,168.7848886,84.48235878,6.740947635
25.37122686,183.8270791,76.2403666,6.130136384
26.21312799,180.1237765,81.70476368,6.667633355
24.30748599,186.2337571,78.54340987,6.186814392
23.76554749,150.3166152,87.98329901,6.334837865
24.79853023,162.2847429,78.53037059,7.16214284
23.20683504,199.4766779,74.09956958,7.422318499
23.66805429,184.4633281,70.89000744,6.768001309
25.12417673,159.5718087,85.72530641,6.348441469
23.89069041,167.7230632,83.46409075,6.097294061
23.09433785,196.6587013,81.45139295,6.14132902
24.21744605,166.1365886,82.85284045,7.479248124
24.06475727,153.6390212,71.31342851,6.509174789
24.85441411,175.572958,74.4407048,6.57256106
26.41915161,197.2101782,76.85691248,7.165696848
24.89326318,196.469984,77.01222585,7.207457208
23.25583402,166.2160846,82.7015932,7.124333547
24.7634518,179.1630865,87.06071115,6.463538707
24.97042599,166.6415254,78.62697699,6.856833064
26.12797248,150.6326874,80.49172597,7.132389299
25.97825807,163.3488091,81.65769588,6.235357638
26.2830571,186.6898282,73.35763537,6.704273839
26.38905406,176.1516409,83.31240346,7.433313409
25.2746335,168.0432282,73.7459581,6.109478059
23.09499564,155.3851533,78.45959697,7.095413294
25.79351957,193.2418382,81.76904006,6.352076783
23.17403323,160.6217342,87.88255345,6.658769991
25.63215038,182.2582277,79.95150917,7.051822472
25.848795,152.6194403,87.81661683,7.333143205
26.56767277,181.2915605,80.90424543,6.352771037
26.24532085,189.9711184,72.97198375,7.124050134
26.91515043,177.2233048,73.19897535,6.998787171
24.36972377,159.9210934,82.11319791,6.537914958
25.71901283,187.1735424,79.15532398,7.171054239
25.01157559,169.4168014,88.3313023,7.228268228
25.40785911,188.6372826,76.44048625,7.319952206
23.28081,153.7447398,74.27607475,6.613341343
23.98651719,167.0576456,82.09053379,6.096838784
24.48556447,192.2316221,83.20630007,6.132570523
25.86705009,154.8390847,84.09985284,7.36008498
23.5643831,185.25947,79.46283115,7.321619041
24.2248758,192.4931257,74.89465426,7.175170657
25.49386782,176.5268267,86.97061481,7.299076163
24.97178693,195.7571622,79.47557931,6.842966479
24.80624984,156.3616174,82.09281674,6.356295568
23.16814977,157.1215052,76.66724969,6.508342839
24.25133493,175.1742112,89.86454053,7.098227926
26.58361011,154.8238864,78.00774772,6.310699968
26.82489244,153.9199807,78.20392774,7.093328631
25.49674786,169.9288234,81.13449097,6.691074249
24.09874353,176.8604109,80.57226761,6.187746776
23.18866654,176.103677,86.20899734,6.491506245
26.24347471,183.4065252,78.51063754,6.855362875
23.75091572,160.0889553,71.14782585,7.124571593
26.13871511,171.4892533,79.1188943,6.067302109
26.14576648,193.1007598,71.23690851,6.432051512
26.91643698,171.4716375,73.48655995,6.253408852
26.5232969,157.8548562,77.17331847,7.287318723
23.81579631,190.312216,80.94023552,7.161865733
26.50838667,152.9801697,86.84264005,6.065898283
26.63952463,199.3355744,70.95705996,7.311077075
23.3250131,187.3096148,79.79609448,6.581693772
26.47549543,180.2513601,73.96164569,6.732826127
23.78756036,172.6442654,74.36794079,6.014572075
25.49941707,193.7141828,75.99987588,6.663559451
23.24925555,184.7674863,73.65346838,6.434610995
26.98582182,193.8778713,89.05587886,7.432768147
23.61475336,150.2355238,86.14290267,6.987332927
23.87484465,177.5147313,86.79261344,6.718725189
23.92887902,154.6608736,88.07112278,6.880204617
24.81441246,190.7886386,81.68688879,6.86106911
24.44743944,190.9684885,82.286484,6.7693455
26.57421679,159.3223075,73.81994896,7.26158085
26.33377983,191.6549412,57.36469955,7.261313694
26.45288458,144.6861336,55.32222678,7.235070264
25.70822684,136.7325092,52.88667115,7.18915558
24.12832546,147.2757818,56.18107663,6.431899748
23.44372334,122.2103248,60.39523266,6.42321105
23.4123707,139.3670753,52.26994674,6.869720196
23.05951896,164.4971875,50.40609436,6.973839707
23.07895447,129.8765443,63.65861483,7.184801627
27.6496114,122.8392822,51.11044023,6.351823783
25.46743689,171.3764462,69.35161206,6.392048018
26.7350622,140.6305213,55.55164819,6.119892347
26.20811417,189.0944824,52.50987966,6.910823945
27.0424167,165.6872119,57.27927475,6.501157208
24.65090184,135.1386537,51.93952357,7.027585559
27.35152643,148.9812525,55.99375012,7.13411409
25.17787724,135.0119649,62.26244581,6.647765997
23.11438731,161.8944624,68.00096043,6.703270635
27.22783677,175.7260273,52.95261751,7.493191968
23.26316991,194.1755471,60.5160021,6.724688503
25.234661,124.2261737,57.53161469,6.043485685
25.59535262,195.7733251,57.72920846,7.101661011
25.5674832,190.2257843,60.49244602,7.466900683
25.67324193,196.2736367,51.29043632,6.877799264
24.40726724,148.6977358,62.65692638,6.410992833
23.69287069,144.6576424,66.76090123,7.393825704
24.53460016,180.5059257,66.99765375,7.482414225
27.13140403,192.4280381,52.89368299,6.081172981
27.56088634,167.4358075,68.49299897,6.516312148
23.59302313,191.3980675,55.27564977,6.043330951
23.17714381,117.3113562,52.13864034,6.959404135
24.71384065,197.6439711,51.29142534,7.238109556
24.38534644,119.6324109,64.72543073,7.234258375
27.15998538,126.1752206,51.59100753,6.691541233
26.53543168,120.6494434,67.09608099,6.809593554
27.01207284,191.4508931,60.76645256,6.485761419
27.55906475,117.9389993,58.45742907,6.784460602
23.32293161,168.2644287,53.00366334,7.167092586
24.23850608,115.1564012,54.30329632,6.73410539
23.42611644,122.6847408,64.10651528,6.779984384
26.02241444,176.9020924,55.83288958,7.277422738
24.83846178,124.4135035,56.7685316,7.21270048
26.24092174,148.3771202,65.64381357,7.487266991
24.43011925,181.6368274,66.02411187,7.231166546
26.00373964,153.477776,62.1445102,6.559817161
26.22367404,193.7461968,62.26594559,6.979590627
27.09617155,190.2440566,63.55324262,6.779230041
25.64004392,199.4735636,61.03273481,6.217974349
27.74576987,139.8619431,54.36976075,7.205078785
26.24928198,133.1120232,54.28617819,6.854011265
26.67377159,156.1543898,52.24226285,6.246872394
27.10210397,139.5013171,55.7497332,6.911066044
27.62975458,196.6492664,61.26002598,6.777417989
27.5364547,130.6377143,55.51673151,6.273741983
23.56960509,130.3797119,50.56339727,6.906124587
24.99451759,192.8736822,57.93250202,7.162802357
27.56441788,177.816092,54.41094079,6.955787351
23.98143338,161.5279095,61.10935084,6.971963169
24.22984659,122.4073418,67.37768353,6.840927967
25.60153969,168.8383605,68.66257977,6.536676653
24.31274458,184.4103931,53.57285558,6.089443603
26.36629861,177.3176161,52.25738495,7.456460375
26.5602777,152.0616227,57.1621814,6.759211911
26.35034208,121.5586297,58.50650238,7.460174812
25.20406808,156.1457255,57.88370456,6.652642579
23.35723208,171.6976946,55.18792166,6.026287448
23.60567546,185.1568059,59.68849145,6.074190142
24.18471151,163.2708732,69.94807345,7.045543056
26.44414097,175.3723314,53.83876189,6.993236001
26.12492233,147.8035305,63.37479229,6.726528895
27.77363343,192.7121236,64.47858698,6.937352845
25.55656667,193.5866233,62.67087838,7.27905689
27.92374437,115.2325531,67.96910852,7.079850922
26.05968403,161.3432535,52.31098539,6.136286518
26.35770906,163.6269496,64.57578034,6.505203696
24.91370487,129.5481144,54.15319242,7.042089492
27.31317116,192.4288139,68.4233391,6.348337519
26.1387869,136.3027766,52.26311691,7.432322234
23.1069385,162.5769606,67.06230539,6.787658922
23.52648086,171.8839938,68.44030686,6.743417121
25.11711046,194.8773479,68.48030408,7.00733163
24.02952505,134.6803969,58.84880599,7.303033217
26.70897548,158.8608887,69.71184111,6.861235184
26.71717393,126.8073984,50.50148528,7.131435858
24.59245684,137.7044047,56.46829641,7.288211994
27.51006055,143.9955548,50.66687215,6.983732393
27.57847581,156.6810374,58.52534263,6.172090205
26.65069302,145.105065,57.56695719,6.35118177
26.97251562,142.8610793,62.0183627,6.908671379
23.17124551,153.1201644,52.97841162,6.766184468
23.52652084,186.1728203,65.44340921,6.392791654
27.30901814,141.4831644,55.196224,6.348316257
27.54823036,181.4170812,62.88179198,6.123796057
25.627355,188.5506536,57.04151119,7.428523634
23.29250318,183.468585,50.04557009,6.020947179
24.91461008,166.2549307,53.74144743,6.334610249
26.77463708,177.7745075,66.4132686,6.78006386
27.41711238,127.92461,56.63636248,6.086922359
24.13179691,173.3228386,67.22512329,6.362607851
26.2724184,127.1752928,52.12739421,6.758792552
23.60301571,140.9370415,60.39647474,6.779832611
